jarayon_id,sana,operatsiya,boshlanish,tugash,davomiylik_sek,operator,xarajat_som,xatolik
JAR-00001,2026-06-01,Qabul qilish,08:02:17,08:07:07,290,D. Ismoilova,708886,yo'q
JAR-00002,2026-06-01,Tekshirish,08:09:32,08:17:26,474,S. Rahmonov,1115574,yo'q
JAR-00003,2026-06-01,Qayta ishlash,08:19:33,08:34:26,893,B. To'xtayev,2640372,yo'q
JAR-00004,2026-06-01,Tasdiqlash,08:35:56,08:40:30,274,N. Yusupova,1150201,yo'q
JAR-00005,2026-06-01,Eksport,08:41:50,08:43:58,128,S. Rahmonov,342409,yo'q
JAR-00006,2026-06-01,Qabul qilish,08:32:05,08:36:15,250,S. Rahmonov,667227,yo'q
JAR-00007,2026-06-01,Tekshirish,08:38:37,08:44:36,N/A,A. Karimov,1194433,yo'q
JAR-00008,2026-06-01,Qayta ishlash,08:46:58,09:01:19,861,D. Ismoilova,2681808,yo'q
JAR-00009,2026-06-01,Tasdiqlash,09:03:13,09:07:29,256,B. To'xtayev,911843,yo'q
JAR-00010,2026-06-01,Eksport,09:08:51,09:11:10,139,D. Ismoilova,370816,yo'q
JAR-00011,2026-06-01,Qabul qilish,09:03:19,09:07:50,271,A. Karimov,N/A,yo'q
JAR-00012,2026-06-01,Tekshirish,09:09:34,09:15:37,363,S. Rahmonov,1245872,yo'q
JAR-00013,2026-06-01,Qayta ishlash,09:16:43,09:28:24,701,A. Karimov,2596340,yo'q
JAR-00014,2026-06-01,Tasdiqlash,09:30:36,09:35:24,288,A. Karimov,936912,yo'q
JAR-00015,2026-06-01,Eksport,09:37:36,09:39:50,134,D. Ismoilova,398820,yo'q
JAR-00016,2026-06-01,Qabul qilish,09:30:35,09:34:58,263,A. Karimov,460328,yo'q
JAR-00017,2026-06-01,Tekshirish,09:36:15,09:41:50,335,B. To'xtayev,1206446,yo'q
JAR-00018,2026-06-01,Qayta ishlash,09:43:42,09:56:29,767,A. Karimov,2292949,yo'q
JAR-00019,2026-06-01,Tasdiqlash,09:58:23,10:02:45,262,B. To'xtayev,983110,yo'q
JAR-00020,2026-06-01,Eksport,10:03:45,10:05:45,120,A. Karimov,379968,yo'q
JAR-00021,2026-06-01,Qabul qilish,10:03:48,10:08:02,254,D. Ismoilova,667265,yo'q
JAR-00022,2026-06-01,Tekshirish,10:09:23,10:15:32,369,S. Rahmonov,1115174,yo'q
JAR-00023,2026-06-01,Qayta ishlash,10:17:41,10:32:54,913,A. Karimov,2209537,yo'q
JAR-00024,2026-06-01,Tasdiqlash,10:34:41,10:39:06,265,A. Karimov,828217,yo'q
JAR-01273,2026-07-29,Qayta ishlash,10:14:38,10:27:23,765,D. Ismoilova,1673871,yo'q
JAR-00025,2026-06-01,Eksport,10:40:44,10:43:24,160,S. Rahmonov,330888,ha
JAR-00026,2026-06-02,Qabul qilish,08:02:30,08:06:55,265,S. Rahmonov,760643,yo'q
JAR-00027,2026-06-02,Tekshirish,08:09:10,08:15:37,387,S. Rahmonov,1218074,yo'q
JAR-00028,2026-06-02,Qayta ishlash,08:16:42,08:27:23,641,D. Ismoilova,2259061,yo'q
JAR-00029,2026-06-02,Tasdiqlash,08:28:29,08:33:33,304,B. To'xtayev,943202,yo'q
JAR-00030,2026-06-02,Eksport,08:35:58,08:38:22,144,B. To'xtayev,410628,yo'q
JAR-00031,2026-06-02,Qabul qilish,08:30:16,08:35:20,304,B. To'xtayev,717100,yo'q
JAR-00032,2026-06-02,Tekshirish,08:36:48,08:43:01,373,A. Karimov,1006563,yo'q
JAR-00033,2026-06-02,Qayta ishlash,08:44:23,08:59:07,884,S. Rahmonov,2971856,yo'q
JAR-00034,2026-06-02,Tasdiqlash,09:01:04,09:06:32,328,N. Yusupova,832598,yo'q
JAR-00035,2026-06-02,Eksport,09:08:59,09:11:12,133,S. Rahmonov,366505,yo'q
JAR-00036,2026-06-02,Qabul qilish,09:00:59,09:05:03,244,N. Yusupova,595811,yo'q
JAR-00037,2026-06-02,Tekshirish,09:07:32,09:14:54,442,A. Karimov,1080398,yo'q
JAR-00038,2026-06-02,Qayta ishlash,09:16:47,09:26:00,553,B. To'xtayev,3000528,yo'q
JAR-00039,2026-06-02,Tasdiqlash,09:28:29,09:33:13,284,A. Karimov,870 316,yo'q
JAR-00040,2026-06-02,Eksport,09:34:22,09:36:17,115,D. Ismoilova,330847,yo'q
JAR-00041,2026-06-02,Qabul qilish,09:32:11,09:37:00,289,A. Karimov,656113,yo'q
JAR-00042,2026-06-02,Tekshirish,09:38:51,09:46:17,446,N. Yusupova,1255193,yo'q
JAR-00043,2026-06-02,Qayta ishlash,09:47:46,10:02:44,898,A. Karimov,2263402,yo'q
JAR-00044,2026-06-02,Tasdiqlash,10:04:14,10:09:31,317,S. Rahmonov,1081149,yo'q
JAR-00045,2026-06-02,Eksport,10:11:24,10:13:52,148,S. Rahmonov,390489,yo'q
JAR-00046,2026-06-02,Qabul qilish,10:03:26,10:07:23,237,N. Yusupova,684244,yo'q
JAR-00047,2026-06-02,Tekshirish,10:09:02,10:15:58,416,A. Karimov,1219217,yo'q
JAR-00048,2026-06-02,Qayta ishlash,10:17:21,10:29:02,701,N. Yusupova,2502420,yo'q
JAR-00049,2026-06-02,Tasdiqlash,10:30:42,10:36:15,333,N. Yusupova,979583,yo'q
JAR-00050,2026-06-02,Eksport,10:38:32,10:40:32,120,A. Karimov,360378,yo'q
JAR-00051,2026-06-03,Qabul qilish,08:02:02,08:07:02,300,N. Yusupova,605853,yo'q
JAR-00052,2026-06-03,Tekshirish,08:09:09,08:14:55,346,D. Ismoilova,1032722,yo'q
JAR-00053,2026-06-03,Qayta ishlash,08:16:51,08:30:37,826,N. Yusupova,2534930,yo'q
JAR-00054,2026-06-03,Tasdiqlash,08:32:13,08:36:50,277,N. Yusupova,883803,yo'q
JAR-00055,2026-06-03,Eksport,08:38:16,08:40:23,127,S. Rahmonov,313311,yo'q
JAR-00056,2026-06-03,Qabul qilish,08:33:38,08:37:52,254,B. To'xtayev,668094,ha
JAR-00057,2026-06-03,Tekshirish,08:39:48,08:47:09,441,B. To'xtayev,1075771,yo'q
JAR-00058,2026-06-03,Qayta ishlash,08:48:15,09:00:12,717,D. Ismoilova,2201907,yo'q
JAR-00059,2026-06-03,Tasdiqlash,09:02:35,09:06:09,214,D. Ismoilova,841926,yo'q
JAR-00060,2026-06-03,Eksport,09:07:52,09:09:57,125,S. Rahmonov,354740,yo'q
JAR-00061,2026-06-03,Qabul qilish,09:03:15,09:07:14,239,N. Yusupova,707080,yo'q
JAR-00062,2026-06-03,Tekshirish,09:09:25,09:16:05,400,S. Rahmonov,1300921,yo'q
JAR-00063,2026-06-03,Qayta ishlash,09:18:28,09:32:30,842,S. Rahmonov,2347431,yo'q
JAR-00064,2026-06-03,Tasdiqlash,09:34:51,09:39:51,300,B. To'xtayev,1030422,yo'q
JAR-00065,2026-06-03,Eksport,09:42:01,09:44:04,123,B. To'xtayev,316094,yo'q
JAR-00066,2026-06-03,Qabul qilish,09:33:26,09:37:03,217,B. To'xtayev,629894,yo'q
JAR-00067,2026-06-03,Tekshirish,09:38:26,09:45:48,442,D. Ismoilova,1201436,yo'q
JAR-00068,2026-06-03,Qayta ishlash,09:47:45,10:02:56,911,S. Rahmonov,2371134,yo'q
JAR-00069,2026-06-03,Tasdiqlash,10:03:56,10:08:46,290,S. Rahmonov,928750,yo'q
JAR-00070,2026-06-03,Eksport,10:10:31,10:12:41,130,D. Ismoilova,,yo'q
JAR-00071,2026-06-03,Qabul qilish,10:03:46,10:07:49,243,B. To'xtayev,620031,yo'q
JAR-00072,2026-06-03,Tekshirish,10:09:21,10:14:46,325,A. Karimov,1292460,yo'q
JAR-00073,2026-06-03,Qayta ishlash,10:16:37,10:30:32,835,S. Rahmonov,2753016,yo'q
JAR-00074,2026-06-03,Tasdiqlash,10:31:39,10:36:23,284,N. Yusupova,790164,yo'q
JAR-00075,2026-06-03,Eksport,10:38:08,10:40:23,135,D. Ismoilova,360034,yo'q
JAR-00076,2026-06-04,Qabul qilish,08:03:15,08:07:32,257,B. To'xtayev,738728,yo'q
JAR-00077,2026-06-04,Tekshirish,08:09:16,08:16:01,405,B. To'xtayev,1087145,yo'q
JAR-00078,2026-06-04,Qayta ishlash,08:17:22,08:29:18,716,S. Rahmonov,2950590,yo'q
JAR-00079,2026-06-04,Tasdiqlash,08:30:43,08:34:05,202,A. Karimov,859477,yo'q
JAR-00080,2026-06-04,Eksport,08:35:21,08:37:26,125,N. Yusupova,306717,yo'q
JAR-00081,2026-06-04,Qabul qilish,08:31:32,08:35:06,214,N. Yusupova,570052,yo'q
JAR-00082,2026-06-04,Tekshirish,08:36:39,08:43:36,417,B. To'xtayev,1257176,yo'q
JAR-00083,2026-06-04,Qayta ishlash,08:45:59,09:01:38,939,N. Yusupova,2335716,yo'q
JAR-00084,2026-06-04,Tasdiqlash,09:02:44,09:06:33,229,D. Ismoilova,899633,yo'q
JAR-00085,2026-06-04,Eksport,09:07:50,09:09:58,128,S. Rahmonov,277360,yo'q
JAR-00086,2026-06-04,Qabul qilish,09:03:12,09:06:55,223,N. Yusupova,746479,yo'q
JAR-00087,2026-06-04,Tekshirish,09:08:35,09:15:11,396,N. Yusupova,1190958,yo'q
JAR-00088,2026-06-04,Qayta ishlash,09:17:03,09:28:38,695,D. Ismoilova,2823146,yo'q
JAR-00089,2026-06-04,Tasdiqlash,09:29:52,09:34:03,251,A. Karimov,763752,yo'q
JAR-00090,2026-06-04,Eksport,09:35:38,09:37:35,117,S. Rahmonov,341319,yo'q
JAR-00091,2026-06-04,Qabul qilish,09:30:43,09:35:34,291,D. Ismoilova,530436,yo'q
JAR-00092,2026-06-04,Tekshirish,09:37:43,09:42:53,310,S. Rahmonov,1206425,yo'q
JAR-00093,2026-06-04,Qayta ishlash,09:43:53,09:53:56,603,D. Ismoilova,2799208,yo'q
JAR-00094,2026-06-04,Tasdiqlash,09:56:22,10:01:36,314,S. Rahmonov,1052920,yo'q
JAR-00095,2026-06-04,Eksport,10:03:17,10:05:19,122,B. To'xtayev,389679,yo'q
JAR-00096,2026-06-04,Qabul qilish,10:01:25,10:06:15,290,S. Rahmonov,505924,yo'q
JAR-00097,2026-06-04,Tekshirish,10:08:21,10:14:11,350,B. To'xtayev,1279246,yo'q
JAR-00098,2026-06-04,Qayta ishlash,10:15:29,10:29:48,859,A. Karimov,2267987,yo'q
JAR-00099,2026-06-04,Tasdiqlash,10:31:12,10:35:17,245,B. To'xtayev,677802,yo'q
JAR-00100,2026-06-04,Eksport,10:37:09,10:38:59,110,B. To'xtayev,373256,yo'q
JAR-00101,2026-06-05,Qabul qilish,08:00:54,08:04:14,200,B. To'xtayev,655344,yo'q
JAR-00102,2026-06-05,Tekshirish,08:06:31,08:12:48,377,A. Karimov,1009097,yo'q
JAR-00103,2026-06-05,Qayta ishlash,08:13:55,08:25:00,665,B. To'xtayev,2769832,yo'q
JAR-00104,2026-06-05,Tasdiqlash,08:27:23,08:32:16,293,B. To'xtayev,896496,yo'q
JAR-00105,2026-06-05,Eksport,08:34:19,08:36:27,128,A. Karimov,323750,yo'q
JAR-00106,2026-06-05,Qabul qilish,08:32:06,08:36:08,242,B. To'xtayev,580884,yo'q
JAR-00107,2026-06-05,Tekshirish,08:37:29,08:44:06,397,N. Yusupova,1110906,yo'q
JAR-00108,2026-06-05,Qayta ishlash,08:46:31,09:00:16,825,D. Ismoilova,2528561,yo'q
JAR-00109,2026-06-05,Tasdiqlash,09:01:48,09:07:04,316,N. Yusupova,917831,yo'q
JAR-00110,2026-06-05,Eksport,09:08:14,09:10:39,145,D. Ismoilova,357644,yo'q
JAR-00111,2026-06-05,Qabul qilish,09:02:20,09:06:17,237,B. To'xtayev,605753,yo'q
JAR-00112,2026-06-05,Tekshirish,09:07:48,09:15:09,441,S. Rahmonov,1294039,yo'q
JAR-00113,2026-06-05,Qayta ishlash,09:16:59,09:31:28,869,D. Ismoilova,2 275 146,yo'q
JAR-00114,2026-06-05,Tasdiqlash,09:32:38,09:36:44,246,S. Rahmonov,929453,yo'q
JAR-00115,2026-06-05,Eksport,09:38:30,09:40:11,101,A. Karimov,283990,yo'q
JAR-00116,2026-06-05,Qabul qilish,09:30:27,09:35:26,299,A. Karimov,615609,yo'q
JAR-00117,2026-06-05,Tekshirish,09:36:45,09:44:00,435,S. Rahmonov,918740,yo'q
JAR-00118,2026-06-05,Qayta ishlash,09:46:28,09:59:13,765,A. Karimov,2460066,yo'q
JAR-00119,2026-06-05,Tasdiqlash,10:00:49,10:04:33,224,B. To'xtayev,962740,yo'q
JAR-00120,2026-06-05,Eksport,10:07:01,10:09:08,127,B. To'xtayev,306785,yo'q
JAR-00121,2026-06-05,Qabul qilish,10:00:47,10:04:43,236,D. Ismoilova,637204,yo'q
JAR-00122,2026-06-05,Tekshirish,10:05:43,10:13:10,447,N. Yusupova,970048,yo'q
JAR-00123,2026-06-05,Qayta ishlash,10:14:13,10:24:50,637,N. Yusupova,2344141,yo'q
JAR-00124,2026-06-05,Tasdiqlash,10:26:34,10:30:28,234,A. Karimov,949361,yo'q
JAR-00125,2026-06-05,Eksport,10:32:07,10:34:36,149,B. To'xtayev,409028,yo'q
JAR-00126,2026-06-06,Qabul qilish,08:03:14,08:07:20,246,B. To'xtayev,641017,yo'q
JAR-00127,2026-06-06,Tekshirish,08:09:12,08:16:07,415,B. To'xtayev,1280643,yo'q
JAR-00128,2026-06-06,Qayta ishlash,08:17:12,08:28:46,694,A. Karimov,2993501,yo'q
JAR-00129,2026-06-06,Tasdiqlash,08:30:58,08:35:21,263,S. Rahmonov,935447,yo'q
JAR-00130,2026-06-06,Eksport,08:37:05,08:39:01,116,A. Karimov,320272,yo'q
JAR-00131,2026-06-06,Qabul qilish,08:31:21,08:35:10,229,S. Rahmonov,696930,yo'q
JAR-00132,2026-06-06,Tekshirish,08:36:24,08:42:12,348,B. To'xtayev,1227469,yo'q
JAR-00133,2026-06-06,Qayta ishlash,08:43:23,08:55:45,742,S. Rahmonov,2230960,yo'q
JAR-00134,2026-06-06,Tasdiqlash,08:57:18,09:01:35,257,S. Rahmonov,1035727,yo'q
JAR-00135,2026-06-06,Eksport,09:03:11,09:05:24,133,N. Yusupova,357871,yo'q
JAR-00136,2026-06-06,Qabul qilish,09:03:16,09:08:02,286,A. Karimov,503610,yo'q
JAR-00137,2026-06-06,Tekshirish,09:10:12,09:16:08,356,D. Ismoilova,1132738,yo'q
JAR-00138,2026-06-06,Qayta ishlash,09:17:24,09:30:41,797,N. Yusupova,2200075,yo'q
JAR-00139,2026-06-06,Tasdiqlash,09:32:47,09:37:23,276,D. Ismoilova,901798,yo'q
JAR-00140,2026-06-06,Eksport,09:39:44,09:42:07,143,A. Karimov,397280,yo'q
JAR-00141,2026-06-06,Qabul qilish,09:33:14,09:36:59,225,B. To'xtayev,692654,yo'q
JAR-00142,2026-06-06,Tekshirish,09:38:43,09:44:23,340,B. To'xtayev,1152975,yo'q
JAR-00143,2026-06-06,Qayta ishlash,09:45:52,10:01:44,952,S. Rahmonov,2438213,yo'q
JAR-00144,2026-06-06,Tasdiqlash,10:03:33,10:07:50,257,S. Rahmonov,864930,yo'q
JAR-00145,2026-06-06,Eksport,10:09:15,10:11:23,128,B. To'xtayev,381814,yo'q
JAR-00146,2026-06-06,Qabul qilish,10:03:07,10:07:26,259,S. Rahmonov,599524,yo'q
JAR-00147,2026-06-06,Tekshirish,10:09:11,10:15:38,387,D. Ismoilova,974247,ha
JAR-00148,2026-06-06,Qayta ishlash,10:17:03,10:29:29,746,N. Yusupova,1765259,yo'q
JAR-00149,2026-06-06,Tasdiqlash,10:31:09,10:35:49,280,B. To'xtayev,953629,yo'q
JAR-00150,2026-06-06,Eksport,10:37:33,10:39:21,108,A. Karimov,366952,yo'q
JAR-00151,2026-06-08,Qabul qilish,08:02:52,08:06:38,226,S. Rahmonov,521711,yo'q
JAR-00152,2026-06-08,Tekshirish,08:08:25,08:15:21,416,D. Ismoilova,1149616,yo'q
JAR-00153,2026-06-08,Qayta ishlash,08:17:49,08:32:53,904,D. Ismoilova,2354101,yo'q
JAR-00154,2026-06-08,Tasdiqlash,08:35:04,08:40:10,306,A. Karimov,928540,yo'q
JAR-00155,2026-06-08,Eksport,08:42:31,08:44:26,115,D. Ismoilova,324935,yo'q
JAR-00156,2026-06-08,Qabul qilish,08:30:45,08:34:18,213,A. Karimov,613498,yo'q
JAR-00157,2026-06-08,Tekshirish,08:35:30,08:42:36,426,S. Rahmonov,1130568,yo'q
JAR-00158,2026-06-08,Qayta ishlash,08:44:46,08:59:31,885,D. Ismoilova,2222536,yo'q
JAR-00159,2026-06-08,Tasdiqlash,09:01:28,09:06:00,272,N. Yusupova,1021104,ha
JAR-00160,2026-06-08,Eksport,09:08:06,09:10:20,134,N. Yusupova,424045,yo'q
JAR-00161,2026-06-08,Qabul qilish,09:03:14,09:06:57,223,B. To'xtayev,702489,yo'q
JAR-00162,2026-06-08,Tekshirish,09:08:02,09:14:21,379,B. To'xtayev,985164,ha
JAR-00163,2026-06-08,Qayta ishlash,09:16:43,09:30:53,850,A. Karimov,33890744.28,yo'q
JAR-00164,2026-06-08,Tasdiqlash,09:33:07,09:37:51,284,A. Karimov,926960,yo'q
JAR-00165,2026-06-08,Eksport,09:39:38,09:41:42,124,A. Karimov,277136,yo'q
JAR-00166,2026-06-08,Qabul qilish,09:30:03,09:34:32,269,A. Karimov,598976,yo'q
JAR-00167,2026-06-08,Tekshirish,09:35:51,09:41:24,333,A. Karimov,1079657,yo'q
JAR-00168,2026-06-08,Qayta ishlash,09:42:49,09:55:03,734,S. Rahmonov,2700177,yo'q
JAR-00169,2026-06-08,Tasdiqlash,09:56:09,10:00:47,278,D. Ismoilova,793314,yo'q
JAR-00170,2026-06-08,Eksport,10:02:08,10:04:21,133,B. To'xtayev,330043,yo'q
JAR-00171,2026-06-08,Qabul qilish,10:02:33,10:06:05,212,A. Karimov,688308,yo'q
JAR-00172,2026-06-08,Tekshirish,10:07:30,10:14:01,391,D. Ismoilova,1123092,yo'q
JAR-00173,2026-06-08,Qayta ishlash,10:15:31,10:29:36,845,B. To'xtayev,2435234,yo'q
JAR-00174,2026-06-08,Tasdiqlash,10:30:41,10:34:39,238,A. Karimov,806440,yo'q
JAR-00175,2026-06-08,Eksport,10:35:44,10:37:17,93,S. Rahmonov,347565,yo'q
JAR-00176,2026-06-09,Qabul qilish,08:03:25,08:07:10,225,A. Karimov,649693,yo'q
JAR-00177,2026-06-09,Tekshirish,08:08:47,08:15:07,380,D. Ismoilova,1388796,yo'q
JAR-00178,2026-06-09,Qayta ishlash,08:17:16,08:31:38,862,N. Yusupova,2337286,yo'q
JAR-00179,2026-06-09,Tasdiqlash,08:33:44,08:37:41,237,A. Karimov,862078,yo'q
JAR-00180,2026-06-09,Eksport,08:40:07,08:42:15,128,D. Ismoilova,324774,ha
JAR-00181,2026-06-09,Qabul qilish,08:33:56,08:37:37,221,B. To'xtayev,681279,yo'q
JAR-00182,2026-06-09,Tekshirish,08:39:09,08:44:40,331,B. To'xtayev,842979,yo'q
JAR-00183,2026-06-09,Qayta ishlash,08:46:37,08:58:13,696,A. Karimov,2561642,yo'q
JAR-00184,2026-06-09,Tasdiqlash,08:59:57,09:04:17,260,A. Karimov,820779,yo'q
JAR-00185,2026-06-09,Eksport,09:05:37,09:07:44,127,N. Yusupova,395380,yo'q
JAR-00186,2026-06-09,Qabul qilish,09:00:01,09:04:40,279,N. Yusupova,677826,yo'q
JAR-00187,2026-06-09,Tekshirish,09:06:08,09:12:18,370,S. Rahmonov,1013738,yo'q
JAR-00188,2026-06-09,Qayta ishlash,09:13:37,09:24:00,623,S. Rahmonov,2322918,yo'q
JAR-00189,2026-06-09,Tasdiqlash,09:25:34,09:30:40,306,D. Ismoilova,900258,yo'q
JAR-00190,2026-06-09,Eksport,09:32:22,09:34:04,102,D. Ismoilova,314234,yo'q
JAR-00191,2026-06-09,Qabul qilish,09:32:48,09:36:24,216,A. Karimov,600413,yo'q
JAR-00192,2026-06-09,Tekshirish,09:38:21,09:44:43,382,B. To'xtayev,1035145,yo'q
JAR-00193,2026-06-09,Qayta ishlash,09:46:33,10:00:25,832,S. Rahmonov,2483722,yo'q
JAR-00194,2026-06-09,Tasdiqlash,10:02:23,10:07:35,312,D. Ismoilova,907166,yo'q
JAR-00195,2026-06-09,Eksport,10:09:12,10:11:00,108,S. Rahmonov,332091,yo'q
JAR-00196,2026-06-09,Qabul qilish,10:03:56,10:08:30,274,N. Yusupova,618002,yo'q
JAR-00197,2026-06-09,Tekshirish,10:09:47,10:15:47,360,D. Ismoilova,1014821,yo'q
JAR-00198,2026-06-09,Qayta ishlash,10:18:08,10:30:18,730,B. To'xtayev,2375021,yo'q
JAR-00199,2026-06-09,Tasdiqlash,10:31:31,10:36:04,273,D. Ismoilova,915775,yo'q
JAR-00200,2026-06-09,Eksport,10:37:16,10:39:34,138,S. Rahmonov,282369,yo'q
JAR-00201,2026-06-10,Qabul qilish,08:01:04,08:06:02,298,D. Ismoilova,607138,yo'q
JAR-00202,2026-06-10,Tekshirish,08:07:24,08:14:00,396,B. To'xtayev,1055499,yo'q
JAR-00203,2026-06-10,Qayta ishlash,08:15:55,08:26:41,646,A. Karimov,2185943,yo'q
JAR-00204,2026-06-10,Tasdiqlash,08:28:43,08:33:42,299,S. Rahmonov,902254,yo'q
JAR-00205,2026-06-10,Eksport,08:35:35,08:37:38,123,B. To'xtayev,295689,yo'q
JAR-00206,2026-06-10,Qabul qilish,08:30:08,08:34:08,240,A. Karimov,664827,yo'q
JAR-00207,2026-06-10,Tekshirish,08:35:37,08:42:20,403,D. Ismoilova,909741,yo'q
JAR-00208,2026-06-10,Qayta ishlash,08:44:22,08:55:52,690,S. Rahmonov,2095505,yo'q
JAR-00525,2026-06-24,Eksport,10:30:46,10:32:29,103,B. To'xtayev,288918,yo'q
JAR-00209,2026-06-10,Tasdiqlash,08:57:58,09:02:01,243,N. Yusupova,919294,yo'q
JAR-00210,2026-06-10,Eksport,09:03:43,09:05:57,134,N. Yusupova,394615,yo'q
JAR-00211,2026-06-10,Qabul qilish,09:00:15,09:04:36,261,N. Yusupova,556003,yo'q
JAR-00212,2026-06-10,Tekshirish,09:06:38,09:11:20,282,S. Rahmonov,1086395,yo'q
JAR-00213,2026-06-10,Qayta ishlash,09:13:20,09:25:05,705,A. Karimov,2559860,yo'q
JAR-00214,2026-06-10,Tasdiqlash,09:26:45,09:30:49,244,S. Rahmonov,1116486,yo'q
JAR-00215,2026-06-10,Eksport,09:32:41,09:34:34,113,D. Ismoilova,350242,yo'q
JAR-00216,2026-06-10,Qabul qilish,09:31:01,09:35:11,250,A. Karimov,576571,yo'q
JAR-00217,2026-06-10,Tekshirish,09:36:38,09:43:13,395,S. Rahmonov,1108235,yo'q
JAR-00218,2026-06-10,Qayta ishlash,09:44:31,09:56:39,728,A. Karimov,2196313,yo'q
JAR-00219,2026-06-10,Tasdiqlash,09:57:56,10:01:53,237,N. Yusupova,980472,yo'q
JAR-00220,2026-06-10,Eksport,10:03:18,10:05:13,115,S. Rahmonov,375917,yo'q
JAR-00221,2026-06-10,Qabul qilish,10:01:50,10:05:44,234,B. To'xtayev,711204,yo'q
JAR-00222,2026-06-10,Tekshirish,10:07:22,10:13:27,365,A. Karimov,1184540,yo'q
JAR-00223,2026-06-10,Qayta ishlash,10:14:43,10:26:55,732,B. To'xtayev,2319305,yo'q
JAR-00224,2026-06-10,Tasdiqlash,10:29:07,10:34:27,320,N. Yusupova,1024335,yo'q
JAR-00225,2026-06-10,Eksport,10:36:04,10:37:49,105,N. Yusupova,290779,yo'q
JAR-00226,2026-06-11,Qabul qilish,08:02:05,08:06:08,243,B. To'xtayev,696780,yo'q
JAR-00227,2026-06-11,Tekshirish,08:07:54,08:13:37,343,N. Yusupova,1052368,yo'q
JAR-00228,2026-06-11,Qayta ishlash,08:14:49,08:29:38,889,A. Karimov,2672816,yo'q
JAR-00229,2026-06-11,Tasdiqlash,08:31:08,08:35:43,275,B. To'xtayev,830042,yo'q
JAR-00230,2026-06-11,Eksport,08:37:09,08:39:25,,N. Yusupova,317983,yo'q
JAR-00231,2026-06-11,Qabul qilish,08:32:23,08:35:44,201,A. Karimov,675054,yo'q
JAR-00232,2026-06-11,Tekshirish,08:37:54,08:44:14,380,D. Ismoilova,917517,yo'q
JAR-00233,2026-06-11,Qayta ishlash,08:45:42,08:57:33,711,D. Ismoilova,2592504,yo'q
JAR-00234,2026-06-11,Tasdiqlash,08:58:58,09:04:28,330,D. Ismoilova,965603,yo'q
JAR-00235,2026-06-11,Eksport,09:05:43,09:07:56,133,A. Karimov,316825,yo'q
JAR-00236,2026-06-11,Qabul qilish,09:02:08,09:06:38,270,D. Ismoilova,605093,yo'q
JAR-00237,2026-06-11,Tekshirish,09:09:02,09:15:10,368,N. Yusupova,1056351,yo'q
JAR-00238,2026-06-11,Qayta ishlash,09:17:07,09:31:06,839,N. Yusupova,2074100,yo'q
JAR-00239,2026-06-11,Tasdiqlash,09:33:08,09:36:15,187,N. Yusupova,990476,yo'q
JAR-00240,2026-06-11,Eksport,09:38:12,09:40:02,110,N. Yusupova,355209,yo'q
JAR-00241,2026-06-11,Qabul qilish,09:30:12,09:34:03,231,N. Yusupova,683832,yo'q
JAR-00242,2026-06-11,Tekshirish,09:36:09,09:41:41,332,S. Rahmonov,1058769,yo'q
JAR-00243,2026-06-11,Qayta ishlash,09:43:15,09:55:56,761,A. Karimov,2332296,yo'q
JAR-00244,2026-06-11,Tasdiqlash,09:57:37,10:02:36,299,N. Yusupova,865743,yo'q
JAR-00245,2026-06-11,Eksport,10:04:46,10:06:25,99,D. Ismoilova,403095,yo'q
JAR-00246,2026-06-11,Qabul qilish,10:01:37,10:05:49,252,B. To'xtayev,710719,yo'q
JAR-00247,2026-06-11,Tekshirish,10:07:39,10:13:33,354,B. To'xtayev,1093134,yo'q
JAR-00248,2026-06-11,Qayta ishlash,10:15:53,10:29:38,825,D. Ismoilova,2345490,yo'q
JAR-00249,2026-06-11,Tasdiqlash,10:31:43,10:36:56,313,D. Ismoilova,828443,yo'q
JAR-00250,2026-06-11,Eksport,10:38:52,10:40:49,117,A. Karimov,349258,yo'q
JAR-00251,2026-06-12,Qabul qilish,08:02:54,08:06:49,235,A. Karimov,589963,yo'q
JAR-00252,2026-06-12,Tekshirish,08:09:14,08:14:52,338,D. Ismoilova,923805,yo'q
JAR-00253,2026-06-12,Qayta ishlash,08:16:44,08:27:08,624,D. Ismoilova,2490060,yo'q
JAR-00254,2026-06-12,Tasdiqlash,08:28:41,08:32:39,238,S. Rahmonov,951504,yo'q
JAR-00255,2026-06-12,Eksport,08:35:07,08:36:53,106,D. Ismoilova,350488,yo'q
JAR-00256,2026-06-12,Qabul qilish,08:31:48,08:35:56,248,S. Rahmonov,560063,yo'q
JAR-00257,2026-06-12,Tekshirish,08:38:17,08:44:09,352,D. Ismoilova,956275,yo'q
JAR-00258,2026-06-12,Qayta ishlash,08:46:30,08:59:14,764,B. To'xtayev,2174949,yo'q
JAR-00259,2026-06-12,Tasdiqlash,09:00:41,09:04:40,239,A. Karimov,821466,yo'q
JAR-00260,2026-06-12,Eksport,09:05:42,09:07:46,124,B. To'xtayev,303153,yo'q
JAR-00261,2026-06-12,Qabul qilish,09:02:56,09:06:37,221,D. Ismoilova,650462,yo'q
JAR-00262,2026-06-12,Tekshirish,09:08:50,09:13:44,294,N. Yusupova,1169678,yo'q
JAR-00263,2026-06-12,Qayta ishlash,09:16:11,09:29:03,772,A. Karimov,2556920,yo'q
JAR-00264,2026-06-12,Tasdiqlash,09:30:09,09:34:50,281,D. Ismoilova,932736,yo'q
JAR-00265,2026-06-12,Eksport,09:36:35,09:38:17,102,D. Ismoilova,344161,yo'q
JAR-00266,2026-06-12,Qabul qilish,09:33:03,09:37:05,242,A. Karimov,508244,yo'q
JAR-00267,2026-06-12,Tekshirish,09:39:23,09:45:28,365,S. Rahmonov,1117861,yo'q
JAR-00268,2026-06-12,Qayta ishlash,09:46:58,10:00:42,824,B. To'xtayev,2390095,yo'q
JAR-00269,2026-06-12,Tasdiqlash,10:03:10,10:07:27,257,D. Ismoilova,946273,yo'q
JAR-00270,2026-06-12,Eksport,10:09:53,10:12:02,129,A. Karimov,343931,yo'q
JAR-00271,2026-06-12,Qabul qilish,10:00:36,10:04:17,221,S. Rahmonov,587780,yo'q
JAR-00272,2026-06-12,Tekshirish,10:06:24,10:11:52,328,B. To'xtayev,1161509,yo'q
JAR-00273,2026-06-12,Qayta ishlash,10:13:50,10:27:18,808,D. Ismoilova,2507163,yo'q
JAR-00274,2026-06-12,Tasdiqlash,10:29:21,10:33:35,254,D. Ismoilova,856577,yo'q
JAR-00275,2026-06-12,Eksport,10:35:53,10:37:37,104,N. Yusupova,382824,yo'q
JAR-00276,2026-06-13,Qabul qilish,08:01:52,08:06:51,299,D. Ismoilova,525533,yo'q
JAR-00277,2026-06-13,Tekshirish,08:08:16,08:13:35,319,D. Ismoilova,1096753,yo'q
JAR-00278,2026-06-13,Qayta ishlash,08:14:49,08:25:05,616,B. To'xtayev,2401060,yo'q
JAR-00279,2026-06-13,Tasdiqlash,08:27:27,08:33:00,333,D. Ismoilova,894939,yo'q
JAR-00280,2026-06-13,Eksport,08:35:21,08:37:34,133,B. To'xtayev,324125,yo'q
JAR-00281,2026-06-13,Qabul qilish,08:33:10,08:37:31,261,A. Karimov,639993,yo'q
JAR-00282,2026-06-13,Tekshirish,08:39:07,08:45:51,404,N. Yusupova,998053,yo'q
JAR-00283,2026-06-13,Qayta ishlash,08:48:19,09:04:32,973,B. To'xtayev,2184118,yo'q
JAR-00284,2026-06-13,Tasdiqlash,09:06:08,09:10:32,264,N. Yusupova,853214,yo'q
JAR-00285,2026-06-13,Eksport,09:12:28,09:14:38,130,B. To'xtayev,352091,yo'q
JAR-00286,2026-06-13,Qabul qilish,09:03:48,09:07:20,212,D. Ismoilova,610659,yo'q
JAR-00287,2026-06-13,Tekshirish,09:09:32,09:16:03,391,A. Karimov,980189,yo'q
JAR-00288,2026-06-13,Qayta ishlash,09:17:23,09:29:02,699,S. Rahmonov,1986213,yo'q
JAR-00289,2026-06-13,Tasdiqlash,09:30:54,09:35:28,274,B. To'xtayev,724698,yo'q
JAR-00290,2026-06-13,Eksport,09:37:37,09:39:50,133,S. Rahmonov,305976,yo'q
JAR-00291,2026-06-13,Qabul qilish,09:31:41,09:35:22,221,D. Ismoilova,569397,yo'q
JAR-00292,2026-06-13,Tekshirish,09:36:45,09:43:01,376,D. Ismoilova,,yo'q
JAR-00293,2026-06-13,Qayta ishlash,09:44:40,09:59:54,914,S. Rahmonov,2623541,yo'q
JAR-00294,2026-06-13,Tasdiqlash,10:00:54,10:05:12,258,S. Rahmonov,796675,yo'q
JAR-00295,2026-06-13,Eksport,10:07:12,10:08:50,98,D. Ismoilova,363852,yo'q
JAR-00296,2026-06-13,Qabul qilish,10:01:56,10:05:54,238,N. Yusupova,659398,yo'q
JAR-00297,2026-06-13,Tekshirish,10:07:00,10:11:59,299,A. Karimov,1262961,yo'q
JAR-00298,2026-06-13,Qayta ishlash,10:13:22,10:22:46,564,D. Ismoilova,2652860,yo'q
JAR-00299,2026-06-13,Tasdiqlash,10:25:13,10:29:13,240,A. Karimov,816680,yo'q
JAR-00300,2026-06-13,Eksport,10:30:46,10:32:23,97,A. Karimov,315058,yo'q
JAR-00301,2026-06-15,Qabul qilish,08:01:59,08:05:34,215,S. Rahmonov,490959,yo'q
JAR-00302,2026-06-15,Tekshirish,08:07:11,08:11:23,252,A. Karimov,1160809,yo'q
JAR-00303,2026-06-15,Qayta ishlash,08:13:48,08:25:24,696,N. Yusupova,2858937,yo'q
JAR-00304,2026-06-15,Tasdiqlash,08:27:53,08:31:54,,A. Karimov,851574,yo'q
JAR-00305,2026-06-15,Eksport,08:32:54,08:34:33,99,N. Yusupova,359035,yo'q
JAR-00306,2026-06-15,Qabul qilish,08:32:33,08:36:18,225,A. Karimov,593592,yo'q
JAR-00307,2026-06-15,Tekshirish,08:38:33,08:43:10,277,N. Yusupova,1031917,yo'q
JAR-00308,2026-06-15,Qayta ishlash,08:44:38,08:58:21,823,D. Ismoilova,1759548,yo'q
JAR-00309,2026-06-15,Tasdiqlash,09:00:41,09:04:46,245,A. Karimov,776560,ha
JAR-00310,2026-06-15,Eksport,09:06:18,09:08:17,119,N. Yusupova,356416,yo'q
JAR-00311,2026-06-15,Qabul qilish,09:02:11,09:06:58,287,A. Karimov,656491,yo'q
JAR-00312,2026-06-15,Tekshirish,09:09:21,09:15:28,367,D. Ismoilova,1108873,yo'q
JAR-00313,2026-06-15,Qayta ishlash,09:16:29,09:29:31,782,B. To'xtayev,2412081,yo'q
JAR-00314,2026-06-15,Tasdiqlash,09:30:37,09:35:14,277,N. Yusupova,782331,yo'q
JAR-00315,2026-06-15,Eksport,09:36:35,09:38:16,101,D. Ismoilova,376291,yo'q
JAR-00316,2026-06-15,Qabul qilish,09:31:59,09:35:26,207,D. Ismoilova,528428,yo'q
JAR-00317,2026-06-15,Tekshirish,09:37:51,09:43:28,337,D. Ismoilova,1143544,yo'q
JAR-00318,2026-06-15,Qayta ishlash,09:45:48,10:00:16,868,S. Rahmonov,2523883,yo'q
JAR-00319,2026-06-15,Tasdiqlash,10:02:13,10:06:29,256,N. Yusupova,714565,yo'q
JAR-00320,2026-06-15,Eksport,10:07:30,10:09:32,122,B. To'xtayev,298519,yo'q
JAR-00321,2026-06-15,Qabul qilish,10:00:38,10:04:31,233,B. To'xtayev,583400,yo'q
JAR-00322,2026-06-15,Tekshirish,10:06:57,10:13:10,373,S. Rahmonov,1035913,yo'q
JAR-00323,2026-06-15,Qayta ishlash,10:15:38,10:26:26,648,N. Yusupova,1968573,yo'q
JAR-00324,2026-06-15,Tasdiqlash,10:27:54,10:32:42,288,B. To'xtayev,845754,yo'q
JAR-00325,2026-06-15,Eksport,10:34:09,10:36:14,125,N. Yusupova,338485,yo'q
JAR-00326,2026-06-16,Qabul qilish,08:03:48,08:08:03,255,B. To'xtayev,479804,yo'q
JAR-00327,2026-06-16,Tekshirish,08:09:12,08:15:06,354,N. Yusupova,870179,yo'q
JAR-00328,2026-06-16,Qayta ishlash,08:17:06,08:25:42,516,N. Yusupova,2260665,yo'q
JAR-00329,2026-06-16,Tasdiqlash,08:26:43,08:30:56,253,N. Yusupova,809668,yo'q
JAR-00330,2026-06-16,Eksport,08:32:15,08:33:50,95,N. Yusupova,350791,yo'q
JAR-00331,2026-06-16,Qabul qilish,08:31:30,08:35:36,246,N. Yusupova,691753,yo'q
JAR-00332,2026-06-16,Tekshirish,08:36:57,08:42:11,314,N. Yusupova,941839,yo'q
JAR-00333,2026-06-16,Qayta ishlash,08:43:59,08:57:37,818,S. Rahmonov,2213393,yo'q
JAR-00334,2026-06-16,Tasdiqlash,08:59:05,09:03:57,292,B. To'xtayev,876360,yo'q
JAR-00335,2026-06-16,Eksport,09:05:31,09:07:41,130,N. Yusupova,368150,yo'q
JAR-00336,2026-06-16,Qabul qilish,09:00:20,09:03:53,213,B. To'xtayev,645809,yo'q
JAR-00337,2026-06-16,Tekshirish,09:05:47,09:12:46,419,B. To'xtayev,1101003,yo'q
JAR-00338,2026-06-16,Qayta ishlash,09:14:58,09:28:33,815,A. Karimov,1959350,yo'q
JAR-00339,2026-06-16,Tasdiqlash,09:30:40,09:35:14,274,N. Yusupova,813729,yo'q
JAR-00340,2026-06-16,Eksport,09:36:14,09:38:16,122,B. To'xtayev,310989,yo'q
JAR-00341,2026-06-16,Qabul qilish,09:32:06,09:35:46,220,S. Rahmonov,599977,yo'q
JAR-00342,2026-06-16,Tekshirish,09:38:09,09:44:11,362,D. Ismoilova,979664,yo'q
JAR-00343,2026-06-16,Qayta ishlash,09:45:48,09:58:23,755,N. Yusupova,1988792,yo'q
JAR-00344,2026-06-16,Tasdiqlash,09:59:34,10:04:25,291,N. Yusupova,938594,yo'q
JAR-00345,2026-06-16,Eksport,10:06:21,10:08:42,141,N. Yusupova,312290,yo'q
JAR-00346,2026-06-16,Qabul qilish,10:01:41,10:04:58,197,D. Ismoilova,510123,yo'q
JAR-00347,2026-06-16,Tekshirish,10:07:02,10:13:49,407,N. Yusupova,976161,yo'q
JAR-00348,2026-06-16,Qayta ishlash,10:15:33,10:28:04,751,S. Rahmonov,2175583,yo'q
JAR-00349,2026-06-16,Tasdiqlash,10:30:02,10:34:37,275,S. Rahmonov,907738,yo'q
JAR-00350,2026-06-16,Eksport,10:36:32,10:38:46,134,A. Karimov,331352,yo'q
JAR-00351,2026-06-17,Qabul qilish,08:00:37,08:04:30,233,N. Yusupova,612005,yo'q
JAR-00352,2026-06-17,Tekshirish,08:05:57,08:12:20,383,D. Ismoilova,931694,yo'q
JAR-00353,2026-06-17,Qayta ishlash,08:14:39,08:26:04,685,B. To'xtayev,2457929,yo'q
JAR-00354,2026-06-17,Tasdiqlash,08:27:17,08:31:32,255,D. Ismoilova,778108,yo'q
JAR-00355,2026-06-17,Eksport,08:33:17,08:35:17,120,N. Yusupova,364982,yo'q
JAR-00356,2026-06-17,Qabul qilish,08:33:27,08:36:43,196,S. Rahmonov,532564,yo'q
JAR-00357,2026-06-17,Tekshirish,08:38:06,08:43:47,341,A. Karimov,1002858,yo'q
JAR-00358,2026-06-17,Qayta ishlash,08:45:49,08:57:21,692,N. Yusupova,2135029,yo'q
JAR-00359,2026-06-17,Tasdiqlash,08:58:58,09:03:01,243,A. Karimov,895331,yo'q
JAR-00360,2026-06-17,Eksport,09:04:06,09:05:52,106,B. To'xtayev,336910,yo'q
JAR-00361,2026-06-17,Qabul qilish,09:00:59,09:05:11,252,D. Ismoilova,531907,ha
JAR-00362,2026-06-17,Tekshirish,09:07:10,09:12:34,324,A. Karimov,1111031,yo'q
JAR-00363,2026-06-17,Qayta ishlash,09:14:45,09:28:54,849,A. Karimov,2355471,yo'q
JAR-00364,2026-06-17,Tasdiqlash,09:30:08,09:33:58,230,A. Karimov,1048752,yo'q
JAR-00365,2026-06-17,Eksport,09:35:26,09:37:40,134,N. Yusupova,325524,yo'q
JAR-00366,2026-06-17,Qabul qilish,09:32:17,09:36:07,230,A. Karimov,621647,yo'q
JAR-00367,2026-06-17,Tekshirish,09:38:16,09:43:37,321,S. Rahmonov,1006492,yo'q
JAR-00368,2026-06-17,Qayta ishlash,09:45:47,09:58:14,747,S. Rahmonov,2270124,yo'q
JAR-00369,2026-06-17,Tasdiqlash,09:59:45,10:04:27,282,B. To'xtayev,843341,yo'q
JAR-00370,2026-06-17,Eksport,10:06:02,10:07:52,110,S. Rahmonov,282258,yo'q
JAR-00371,2026-06-17,Qabul qilish,10:02:40,10:06:06,206,B. To'xtayev,656528,yo'q
JAR-00372,2026-06-17,Tekshirish,10:07:48,10:12:51,303,B. To'xtayev,968905,yo'q
JAR-00373,2026-06-17,Qayta ishlash,10:14:23,10:27:40,797,N. Yusupova,2496858,yo'q
JAR-00374,2026-06-17,Tasdiqlash,10:28:59,10:32:01,182,B. To'xtayev,828073,yo'q
JAR-00375,2026-06-17,Eksport,10:34:24,10:36:17,113,A. Karimov,290432,yo'q
JAR-00376,2026-06-18,Qabul qilish,08:01:14,08:04:54,220,N. Yusupova,616228,yo'q
JAR-00377,2026-06-18,Tekshirish,08:07:00,08:13:08,368,N. Yusupova,1210477,yo'q
JAR-00378,2026-06-18,Qayta ishlash,08:15:31,08:28:20,769,A. Karimov,2195721,yo'q
JAR-00379,2026-06-18,Tasdiqlash,08:29:48,08:34:34,286,A. Karimov,910872,yo'q
JAR-00380,2026-06-18,Eksport,08:36:09,08:38:06,117,S. Rahmonov,291667,yo'q
JAR-00381,2026-06-18,Qabul qilish,08:33:47,08:37:47,240,S. Rahmonov,568653,yo'q
JAR-00382,2026-06-18,Tekshirish,08:39:20,08:44:06,286,D. Ismoilova,979534,yo'q
JAR-00383,2026-06-18,Qayta ishlash,08:45:07,08:56:14,667,S. Rahmonov,2361663,yo'q
JAR-00384,2026-06-18,Tasdiqlash,08:57:20,09:00:35,195,S. Rahmonov,824358,yo'q
JAR-00385,2026-06-18,Eksport,09:02:56,09:04:35,99,D. Ismoilova,375700,yo'q
JAR-00386,2026-06-18,Qabul qilish,09:03:25,09:07:12,227,A. Karimov,569440,yo'q
JAR-00387,2026-06-18,Tekshirish,09:08:33,09:14:06,333,D. Ismoilova,1005338,yo'q
JAR-00388,2026-06-18,Qayta ishlash,09:16:29,09:30:23,834,B. To'xtayev,1703660,yo'q
JAR-00389,2026-06-18,Tasdiqlash,09:31:51,09:36:27,276,N. Yusupova,660528,yo'q
JAR-00390,2026-06-18,Eksport,09:38:13,09:40:34,141,B. To'xtayev,302019,yo'q
JAR-00391,2026-06-18,Qabul qilish,09:30:56,09:34:44,228,D. Ismoilova,533321,yo'q
JAR-00392,2026-06-18,Tekshirish,09:36:10,09:42:08,358,D. Ismoilova,967058,yo'q
JAR-00393,2026-06-18,Qayta ishlash,09:44:06,09:57:10,784,N. Yusupova,2165232,yo'q
JAR-00394,2026-06-18,Tasdiqlash,09:59:19,10:04:05,286,B. To'xtayev,844782,yo'q
JAR-00395,2026-06-18,Eksport,10:05:54,10:07:38,104,A. Karimov,340144,yo'q
JAR-00396,2026-06-18,Qabul qilish,10:02:39,10:06:23,224,N. Yusupova,606390,yo'q
JAR-00397,2026-06-18,Tekshirish,10:08:17,10:13:19,302,B. To'xtayev,1034352,yo'q
JAR-00398,2026-06-18,Qayta ishlash,10:15:11,10:28:02,771,S. Rahmonov,2373623,yo'q
JAR-00399,2026-06-18,Tasdiqlash,10:29:23,10:34:59,336,N. Yusupova,779956,yo'q
JAR-00424,2026-06-19,Tasdiqlash,10:27:11,10:31:41,270,D. Ismoilova,841859,yo'q
JAR-00400,2026-06-18,Eksport,10:37:00,10:38:41,101,S. Rahmonov,340549,yo'q
JAR-00401,2026-06-19,Qabul qilish,08:00:25,08:04:03,218,D. Ismoilova,545019,yo'q
JAR-00402,2026-06-19,Tekshirish,08:06:29,08:10:48,259,A. Karimov,992920,yo'q
JAR-00403,2026-06-19,Qayta ishlash,08:12:50,08:24:06,676,B. To'xtayev,1865502,yo'q
JAR-00404,2026-06-19,Tasdiqlash,08:25:38,08:29:52,254,S. Rahmonov,867611,yo'q
JAR-00405,2026-06-19,Eksport,08:32:11,08:34:08,117,A. Karimov,321545,yo'q
JAR-00406,2026-06-19,Qabul qilish,08:33:58,08:37:45,227,B. To'xtayev,548698,yo'q
JAR-00407,2026-06-19,Tekshirish,08:39:39,08:46:43,424,N. Yusupova,820263,yo'q
JAR-00408,2026-06-19,Qayta ishlash,08:49:08,08:58:27,559,D. Ismoilova,2359267,yo'q
JAR-00409,2026-06-19,Tasdiqlash,09:00:07,09:03:57,230,B. To'xtayev,857936,yo'q
JAR-00410,2026-06-19,Eksport,09:05:03,09:06:42,99,S. Rahmonov,309550,yo'q
JAR-00411,2026-06-19,Qabul qilish,09:00:47,09:04:19,212,N. Yusupova,625311,yo'q
JAR-00412,2026-06-19,Tekshirish,09:05:46,09:11:43,357,S. Rahmonov,1164083,yo'q
JAR-00413,2026-06-19,Qayta ishlash,09:12:48,09:25:48,780,D. Ismoilova,2307713,yo'q
JAR-00414,2026-06-19,Tasdiqlash,09:27:50,09:32:46,296,B. To'xtayev,748908,ha
JAR-00415,2026-06-19,Eksport,09:34:32,09:36:37,125,S. Rahmonov,374207,yo'q
JAR-00416,2026-06-19,Qabul qilish,09:31:37,09:35:07,210,N. Yusupova,625197,yo'q
JAR-00417,2026-06-19,Tekshirish,09:36:53,09:41:57,304,N. Yusupova,974315,yo'q
JAR-00418,2026-06-19,Qayta ishlash,09:43:06,09:55:10,724,N. Yusupova,2220802,yo'q
JAR-00419,2026-06-19,Tasdiqlash,09:57:34,10:01:47,253,D. Ismoilova,906141,yo'q
JAR-00420,2026-06-19,Eksport,10:03:46,10:05:34,108,S. Rahmonov,252435,yo'q
JAR-00421,2026-06-19,Qabul qilish,10:01:03,10:04:22,199,N. Yusupova,515193,yo'q
JAR-00422,2026-06-19,Tekshirish,10:05:55,10:12:09,374,B. To'xtayev,979699,yo'q
JAR-00423,2026-06-19,Qayta ishlash,10:13:17,10:24:50,693,B. To'xtayev,2394702,yo'q
JAR-00424,2026-06-19,Tasdiqlash,10:27:11,10:31:41,270,D. Ismoilova,841859,yo'q
JAR-00425,2026-06-19,Eksport,10:32:58,10:34:54,116,D. Ismoilova,342112,yo'q
JAR-00426,2026-06-20,Qabul qilish,08:02:51,08:06:48,237,S. Rahmonov,594414,yo'q
JAR-00427,2026-06-20,Tekshirish,08:08:57,08:13:39,282,B. To'xtayev,917746,yo'q
JAR-00428,2026-06-20,Qayta ishlash,08:15:22,08:26:55,693,A. Karimov,2063806,yo'q
JAR-00429,2026-06-20,Tasdiqlash,08:29:15,08:33:22,247,D. Ismoilova,846268,yo'q
JAR-00430,2026-06-20,Eksport,08:34:49,08:37:03,134,D. Ismoilova,327326,yo'q
JAR-00431,2026-06-20,Qabul qilish,08:33:15,08:35:56,161,B. To'xtayev,526578,yo'q
JAR-00772,2026-07-06,Tekshirish,10:05:07,10:10:07,300,S. Rahmonov,739478,yo'q
JAR-00432,2026-06-20,Tekshirish,08:37:29,08:43:42,373,A. Karimov,1182355,yo'q
JAR-00433,2026-06-20,Qayta ishlash,08:46:03,08:57:59,716,B. To'xtayev,2149400,yo'q
JAR-00434,2026-06-20,Tasdiqlash,09:00:10,09:04:17,247,S. Rahmonov,882685,yo'q
JAR-00435,2026-06-20,Eksport,09:06:27,09:08:30,123,A. Karimov,328694,yo'q
JAR-00436,2026-06-20,Qabul qilish,09:01:07,09:05:38,N/A,N. Yusupova,581272,yo'q
JAR-00437,2026-06-20,Tekshirish,09:07:30,09:12:56,326,A. Karimov,1214508,yo'q
JAR-00438,2026-06-20,Qayta ishlash,09:14:25,09:25:34,669,A. Karimov,1815009,yo'q
JAR-00439,2026-06-20,Tasdiqlash,09:27:19,09:31:44,265,B. To'xtayev,962510,yo'q
JAR-00440,2026-06-20,Eksport,09:33:28,09:35:47,139,S. Rahmonov,267977,yo'q
JAR-00441,2026-06-20,Qabul qilish,09:33:37,09:36:47,190,N. Yusupova,534951,yo'q
JAR-00442,2026-06-20,Tekshirish,09:39:00,09:44:30,330,N. Yusupova,901930,yo'q
JAR-00443,2026-06-20,Qayta ishlash,09:46:54,09:57:12,618,S. Rahmonov,2469637,yo'q
JAR-00444,2026-06-20,Tasdiqlash,09:59:11,10:04:17,306,D. Ismoilova,762351,yo'q
JAR-00445,2026-06-20,Eksport,10:05:43,10:07:57,134,A. Karimov,331729,yo'q
JAR-00446,2026-06-20,Qabul qilish,10:00:48,10:04:30,222,A. Karimov,666846,ha
JAR-00447,2026-06-20,Tekshirish,10:06:31,10:11:54,323,D. Ismoilova,821664,yo'q
JAR-00448,2026-06-20,Qayta ishlash,10:14:01,10:24:31,630,N. Yusupova,2299511,yo'q
JAR-00449,2026-06-20,Tasdiqlash,10:26:59,10:30:56,237,B. To'xtayev,887802,yo'q
JAR-00450,2026-06-20,Eksport,10:32:19,10:34:01,102,A. Karimov,315936,yo'q
JAR-00451,2026-06-22,Qabul qilish,08:02:14,08:06:17,243,S. Rahmonov,602760,yo'q
JAR-00452,2026-06-22,Tekshirish,08:08:35,08:14:15,340,N. Yusupova,1031707,yo'q
JAR-00453,2026-06-22,Qayta ishlash,08:15:46,08:27:53,727,D. Ismoilova,2288251,yo'q
JAR-00454,2026-06-22,Tasdiqlash,08:28:56,08:33:05,249,A. Karimov,722767,yo'q
JAR-00455,2026-06-22,Eksport,08:35:07,08:36:54,107,D. Ismoilova,275903,yo'q
JAR-00456,2026-06-22,Qabul qilish,08:30:39,08:34:47,248,S. Rahmonov,490053,yo'q
JAR-00457,2026-06-22,Tekshirish,08:36:24,08:42:01,337,B. To'xtayev,865408,yo'q
JAR-00458,2026-06-22,Qayta ishlash,08:43:12,08:53:51,639,N. Yusupova,2012357,yo'q
JAR-00459,2026-06-22,Tasdiqlash,08:55:36,08:59:19,223,B. To'xtayev,863243,yo'q
JAR-00460,2026-06-22,Eksport,09:01:32,09:03:01,89,A. Karimov,285336,yo'q
JAR-00461,2026-06-22,Qabul qilish,09:00:04,09:04:08,244,B. To'xtayev,704885,yo'q
JAR-00462,2026-06-22,Tekshirish,09:05:36,09:10:25,289,S. Rahmonov,991824,yo'q
JAR-00463,2026-06-22,Qayta ishlash,09:11:32,09:22:28,656,D. Ismoilova,1732216,yo'q
JAR-00464,2026-06-22,Tasdiqlash,09:23:55,09:26:39,164,D. Ismoilova,713592,yo'q
JAR-00465,2026-06-22,Eksport,09:28:00,09:29:51,111,B. To'xtayev,278353,yo'q
JAR-00466,2026-06-22,Qabul qilish,09:31:33,09:35:30,237,A. Karimov,521245,yo'q
JAR-00467,2026-06-22,Tekshirish,09:36:40,09:41:30,290,N. Yusupova,959951,yo'q
JAR-00468,2026-06-22,Qayta ishlash,09:43:02,09:56:15,793,A. Karimov,2301838,yo'q
JAR-00469,2026-06-22,Tasdiqlash,09:57:29,10:01:26,237,S. Rahmonov,797240,yo'q
JAR-00470,2026-06-22,Eksport,10:03:45,10:05:25,100,D. Ismoilova,291679,yo'q
JAR-00471,2026-06-22,Qabul qilish,10:00:58,10:05:01,243,N. Yusupova,578333,yo'q
JAR-00472,2026-06-22,Tekshirish,10:07:17,10:13:02,345,D. Ismoilova,1015043,yo'q
JAR-00473,2026-06-22,Qayta ishlash,10:15:11,10:29:33,862,A. Karimov,2126317,yo'q
JAR-00474,2026-06-22,Tasdiqlash,10:31:30,10:35:08,218,S. Rahmonov,829896,yo'q
JAR-00475,2026-06-22,Eksport,10:36:13,10:37:47,94,N. Yusupova,276214,yo'q
JAR-00476,2026-06-23,Qabul qilish,08:00:28,08:04:08,220,B. To'xtayev,618225,yo'q
JAR-00477,2026-06-23,Tekshirish,08:05:51,08:12:04,373,D. Ismoilova,1144697,yo'q
JAR-00478,2026-06-23,Qayta ishlash,08:14:09,08:25:51,702,N. Yusupova,2615536,yo'q
JAR-00479,2026-06-23,Tasdiqlash,08:26:52,08:30:34,222,B. To'xtayev,,yo'q
JAR-00480,2026-06-23,Eksport,08:31:52,08:33:32,100,N. Yusupova,330226,yo'q
JAR-00481,2026-06-23,Qabul qilish,08:32:11,08:36:09,238,N. Yusupova,540221,ha
JAR-00482,2026-06-23,Tekshirish,08:38:09,08:43:55,346,A. Karimov,921571,yo'q
JAR-00483,2026-06-23,Qayta ishlash,08:45:27,08:58:35,788,B. To'xtayev,1974780,yo'q
JAR-00484,2026-06-23,Tasdiqlash,09:00:26,09:03:43,197,S. Rahmonov,900910,yo'q
JAR-00485,2026-06-23,Eksport,09:05:37,09:07:11,94,B. To'xtayev,293550,yo'q
JAR-00486,2026-06-23,Qabul qilish,09:03:59,09:07:29,210,A. Karimov,583016,yo'q
JAR-00487,2026-06-23,Tekshirish,09:09:53,09:15:59,366,B. To'xtayev,921474,yo'q
JAR-00488,2026-06-23,Qayta ishlash,09:17:09,09:29:00,711,A. Karimov,1953606,yo'q
JAR-00489,2026-06-23,Tasdiqlash,09:30:34,09:34:06,212,S. Rahmonov,922613,yo'q
JAR-00490,2026-06-23,Eksport,09:36:16,09:38:36,140,N. Yusupova,266292,yo'q
JAR-00491,2026-06-23,Qabul qilish,09:30:33,09:34:31,238,A. Karimov,563229,yo'q
JAR-00492,2026-06-23,Tekshirish,09:36:35,09:41:41,306,N. Yusupova,1005189,yo'q
JAR-00493,2026-06-23,Qayta ishlash,09:43:47,09:53:47,600,B. To'xtayev,1905292,yo'q
JAR-00494,2026-06-23,Tasdiqlash,09:55:29,09:58:58,209,N. Yusupova,721813,yo'q
JAR-00495,2026-06-23,Eksport,10:00:22,10:02:36,134,A. Karimov,303907,yo'q
JAR-00496,2026-06-23,Qabul qilish,10:02:52,10:06:55,243,A. Karimov,567293,yo'q
JAR-00497,2026-06-23,Tekshirish,10:08:09,10:13:38,329,A. Karimov,1069997,yo'q
JAR-00498,2026-06-23,Qayta ishlash,10:14:43,10:25:11,628,N. Yusupova,2030368,yo'q
JAR-00499,2026-06-23,Tasdiqlash,10:26:34,10:30:46,252,A. Karimov,759211,yo'q
JAR-00500,2026-06-23,Eksport,10:32:23,10:34:07,104,S. Rahmonov,,yo'q
JAR-00501,2026-06-24,Qabul qilish,08:03:40,08:06:30,170,A. Karimov,497054,yo'q
JAR-00502,2026-06-24,Tekshirish,08:08:58,08:14:32,334,S. Rahmonov,1106825,yo'q
JAR-00503,2026-06-24,Qayta ishlash,08:16:12,08:26:58,646,N. Yusupova,2316707,yo'q
JAR-00504,2026-06-24,Tasdiqlash,08:29:01,08:32:51,N/A,A. Karimov,829389,yo'q
JAR-00505,2026-06-24,Eksport,08:35:19,08:37:02,103,S. Rahmonov,290978,yo'q
JAR-00506,2026-06-24,Qabul qilish,08:31:49,08:35:01,192,B. To'xtayev,592280,yo'q
JAR-00507,2026-06-24,Tekshirish,08:37:03,08:42:23,320,A. Karimov,1026058,yo'q
JAR-00508,2026-06-24,Qayta ishlash,08:44:44,08:58:27,823,N. Yusupova,2198296,yo'q
JAR-00509,2026-06-24,Tasdiqlash,08:59:38,09:03:43,245,A. Karimov,924197,yo'q
JAR-00510,2026-06-24,Eksport,09:05:14,09:07:21,127,D. Ismoilova,296097,yo'q
JAR-00511,2026-06-24,Qabul qilish,09:00:57,09:04:27,210,D. Ismoilova,532909,yo'q
JAR-00512,2026-06-24,Tekshirish,09:06:40,09:12:30,350,A. Karimov,1022589,yo'q
JAR-00513,2026-06-24,Qayta ishlash,09:13:46,09:26:22,756,N. Yusupova,2061862,yo'q
JAR-00514,2026-06-24,Tasdiqlash,09:27:36,09:31:57,261,N. Yusupova,848646,yo'q
JAR-00515,2026-06-24,Eksport,09:33:34,09:35:34,120,S. Rahmonov,331416,yo'q
JAR-00516,2026-06-24,Qabul qilish,09:32:27,09:35:45,198,N. Yusupova,400395,yo'q
JAR-00517,2026-06-24,Tekshirish,09:38:13,09:43:37,324,D. Ismoilova,855636,yo'q
JAR-00518,2026-06-24,Qayta ishlash,09:45:13,09:55:50,637,S. Rahmonov,2452074,yo'q
JAR-00519,2026-06-24,Tasdiqlash,09:57:40,10:01:40,240,A. Karimov,732040,yo'q
JAR-00520,2026-06-24,Eksport,10:03:47,10:05:50,123,D. Ismoilova,305217,yo'q
JAR-00521,2026-06-24,Qabul qilish,10:02:03,10:05:56,233,B. To'xtayev,424235,yo'q
JAR-00522,2026-06-24,Tekshirish,10:07:08,10:11:39,271,B. To'xtayev,844959,yo'q
JAR-00523,2026-06-24,Qayta ishlash,10:13:06,10:23:20,614,D. Ismoilova,2057003,yo'q
JAR-00524,2026-06-24,Tasdiqlash,10:25:08,10:29:31,263,S. Rahmonov,769364,yo'q
JAR-00525,2026-06-24,Eksport,10:30:46,10:32:29,103,B. To'xtayev,288918,yo'q
JAR-00526,2026-06-25,Qabul qilish,08:00:12,08:04:02,230,D. Ismoilova,387827,yo'q
JAR-00527,2026-06-25,Tekshirish,08:05:09,08:10:22,313,N. Yusupova,1041859,yo'q
JAR-00528,2026-06-25,Qayta ishlash,08:12:30,08:22:42,612,N. Yusupova,2060057,yo'q
JAR-00529,2026-06-25,Tasdiqlash,08:24:01,08:27:58,237,D. Ismoilova,814641,yo'q
JAR-00530,2026-06-25,Eksport,08:29:48,08:31:56,128,S. Rahmonov,303338,yo'q
JAR-00531,2026-06-25,Qabul qilish,08:32:25,08:35:52,207,S. Rahmonov,408671,yo'q
JAR-00532,2026-06-25,Tekshirish,08:38:20,08:43:27,307,A. Karimov,858515,yo'q
JAR-00533,2026-06-25,Qayta ishlash,08:45:51,08:57:30,699,N. Yusupova,2440387,yo'q
JAR-00534,2026-06-25,Tasdiqlash,08:59:02,09:02:00,178,D. Ismoilova,798301,yo'q
JAR-00535,2026-06-25,Eksport,09:03:51,09:05:42,111,S. Rahmonov,273644,ha
JAR-00536,2026-06-25,Qabul qilish,09:02:19,09:06:07,228,S. Rahmonov,535407,yo'q
JAR-00537,2026-06-25,Tekshirish,09:07:55,09:11:45,230,B. To'xtayev,907315,ha
JAR-00538,2026-06-25,Qayta ishlash,09:13:18,09:24:48,690,N. Yusupova,2062764,yo'q
JAR-00539,2026-06-25,Tasdiqlash,09:27:04,09:31:05,241,N. Yusupova,782018,yo'q
JAR-00540,2026-06-25,Eksport,09:32:42,09:34:07,85,N. Yusupova,286302,yo'q
JAR-00541,2026-06-25,Qabul qilish,09:31:14,09:34:57,223,N. Yusupova,558389,yo'q
JAR-00542,2026-06-25,Tekshirish,09:37:13,09:43:22,369,N. Yusupova,1001305,yo'q
JAR-00543,2026-06-25,Qayta ishlash,09:45:28,09:56:02,634,S. Rahmonov,2172097,yo'q
JAR-00544,2026-06-25,Tasdiqlash,09:57:15,10:00:43,208,B. To'xtayev,874819,yo'q
JAR-00545,2026-06-25,Eksport,10:02:02,10:04:01,119,S. Rahmonov,253371,yo'q
JAR-00546,2026-06-25,Qabul qilish,10:02:10,10:06:17,247,N. Yusupova,450549,yo'q
JAR-00547,2026-06-25,Tekshirish,10:07:30,10:12:21,291,B. To'xtayev,1011886,yo'q
JAR-00548,2026-06-25,Qayta ishlash,10:13:34,10:26:27,773,N. Yusupova,2551254,yo'q
JAR-00549,2026-06-25,Tasdiqlash,10:28:29,10:32:30,241,B. To'xtayev,657289,yo'q
JAR-00550,2026-06-25,Eksport,10:34:19,10:35:49,90,S. Rahmonov,329942,yo'q
JAR-00551,2026-06-26,Qabul qilish,08:01:14,08:05:46,272,D. Ismoilova,589815,yo'q
JAR-00552,2026-06-26,Tekshirish,08:07:48,08:12:21,273,B. To'xtayev,825503,yo'q
JAR-00553,2026-06-26,Qayta ishlash,08:14:18,08:28:24,846,D. Ismoilova,2241749,yo'q
JAR-00554,2026-06-26,Tasdiqlash,08:30:44,08:34:38,234,N. Yusupova,657406,yo'q
JAR-00555,2026-06-26,Eksport,08:37:06,08:38:53,107,N. Yusupova,293484,yo'q
JAR-00556,2026-06-26,Qabul qilish,08:31:30,08:35:20,230,S. Rahmonov,628991,yo'q
JAR-00557,2026-06-26,Tekshirish,08:36:26,08:41:35,309,B. To'xtayev,1071187,yo'q
JAR-00558,2026-06-26,Qayta ishlash,08:43:31,08:55:32,721,A. Karimov,2138615,yo'q
JAR-00559,2026-06-26,Tasdiqlash,08:57:42,09:02:26,284,N. Yusupova,839117,yo'q
JAR-00560,2026-06-26,Eksport,09:03:50,09:05:36,106,N. Yusupova,272513,yo'q
JAR-00561,2026-06-26,Qabul qilish,09:00:00,09:03:33,213,B. To'xtayev,552401,yo'q
JAR-00562,2026-06-26,Tekshirish,09:05:48,09:12:25,397,S. Rahmonov,1108233,yo'q
JAR-00563,2026-06-26,Qayta ishlash,09:14:19,09:25:41,682,A. Karimov,2339466,yo'q
JAR-00564,2026-06-26,Tasdiqlash,09:26:52,09:30:44,232,B. To'xtayev,827282,ha
JAR-00565,2026-06-26,Eksport,09:32:34,09:34:36,122,N. Yusupova,265283,yo'q
JAR-00566,2026-06-26,Qabul qilish,09:32:31,09:35:48,,S. Rahmonov,366687,yo'q
JAR-00567,2026-06-26,Tekshirish,09:38:04,09:43:06,302,B. To'xtayev,998790,yo'q
JAR-00568,2026-06-26,Qayta ishlash,09:45:11,10:00:13,902,S. Rahmonov,1896131,yo'q
JAR-00569,2026-06-26,Tasdiqlash,10:01:24,10:06:06,282,D. Ismoilova,876448,yo'q
JAR-00570,2026-06-26,Eksport,10:07:07,10:09:07,120,N. Yusupova,334842,yo'q
JAR-00571,2026-06-26,Qabul qilish,10:00:22,10:03:45,203,B. To'xtayev,644223,yo'q
JAR-00572,2026-06-26,Tekshirish,10:05:30,10:10:34,304,D. Ismoilova,909646,yo'q
JAR-00573,2026-06-26,Qayta ishlash,10:12:33,10:23:13,640,S. Rahmonov,1955988,yo'q
JAR-00574,2026-06-26,Tasdiqlash,10:25:38,10:29:16,218,A. Karimov,691855,yo'q
JAR-00575,2026-06-26,Eksport,10:31:32,10:33:08,96,B. To'xtayev,297015,yo'q
JAR-00576,2026-06-27,Qabul qilish,08:00:43,08:04:12,209,D. Ismoilova,578513,yo'q
JAR-00577,2026-06-27,Tekshirish,08:06:32,08:11:30,298,A. Karimov,880566,yo'q
JAR-00578,2026-06-27,Qayta ishlash,08:13:21,08:24:52,691,S. Rahmonov,2213733,yo'q
JAR-00579,2026-06-27,Tasdiqlash,08:26:28,08:30:06,218,B. To'xtayev,795638,yo'q
JAR-00580,2026-06-27,Eksport,08:31:50,08:33:11,81,S. Rahmonov,290088,yo'q
JAR-00581,2026-06-27,Qabul qilish,08:32:30,08:36:25,235,N. Yusupova,514784,yo'q
JAR-00582,2026-06-27,Tekshirish,08:38:45,08:43:48,303,A. Karimov,939384,yo'q
JAR-00583,2026-06-27,Qayta ishlash,08:45:40,08:55:31,591,N. Yusupova,2095473,yo'q
JAR-00584,2026-06-27,Tasdiqlash,08:56:53,09:01:06,253,S. Rahmonov,760017,yo'q
JAR-00585,2026-06-27,Eksport,09:03:32,09:05:36,124,D. Ismoilova,250033,yo'q
JAR-00586,2026-06-27,Qabul qilish,09:03:32,09:06:24,172,B. To'xtayev,524596,yo'q
JAR-00587,2026-06-27,Tekshirish,09:08:33,09:15:27,414,S. Rahmonov,999786,yo'q
JAR-00588,2026-06-27,Qayta ishlash,09:17:09,09:29:52,763,N. Yusupova,2025639,yo'q
JAR-00589,2026-06-27,Tasdiqlash,09:31:56,09:35:03,187,A. Karimov,862249,yo'q
JAR-00590,2026-06-27,Eksport,09:36:51,09:38:39,108,S. Rahmonov,339490,yo'q
JAR-00591,2026-06-27,Qabul qilish,09:32:30,09:36:18,228,A. Karimov,523562,yo'q
JAR-00592,2026-06-27,Tekshirish,09:37:26,09:41:42,256,S. Rahmonov,897744,yo'q
JAR-00593,2026-06-27,Qayta ishlash,09:44:09,09:55:05,656,A. Karimov,2312381,yo'q
JAR-00594,2026-06-27,Tasdiqlash,09:57:28,10:01:48,260,B. To'xtayev,826884,yo'q
JAR-00595,2026-06-27,Eksport,10:03:44,10:05:55,131,N. Yusupova,253048,yo'q
JAR-00596,2026-06-27,Qabul qilish,10:00:23,10:03:34,191,N. Yusupova,613254,yo'q
JAR-00597,2026-06-27,Tekshirish,10:06:03,10:11:25,322,B. To'xtayev,800167,yo'q
JAR-00598,2026-06-27,Qayta ishlash,10:12:52,10:23:10,618,D. Ismoilova,1728208,yo'q
JAR-00599,2026-06-27,Tasdiqlash,10:25:26,10:29:26,240,S. Rahmonov,796628,yo'q
JAR-00600,2026-06-27,Eksport,10:31:13,10:32:36,83,S. Rahmonov,308981,yo'q
JAR-00601,2026-06-29,Qabul qilish,08:03:55,08:07:34,219,D. Ismoilova,623650,yo'q
JAR-00602,2026-06-29,Tekshirish,08:09:20,08:13:16,236,B. To'xtayev,819494,yo'q
JAR-00603,2026-06-29,Qayta ishlash,08:15:18,08:25:48,630,S. Rahmonov,2073824,yo'q
JAR-00604,2026-06-29,Tasdiqlash,08:27:30,08:30:44,194,N. Yusupova,693986,yo'q
JAR-00605,2026-06-29,Eksport,08:32:39,08:34:22,103,B. To'xtayev,262127,yo'q
JAR-00606,2026-06-29,Qabul qilish,08:31:43,08:34:45,182,B. To'xtayev,616207,yo'q
JAR-00607,2026-06-29,Tekshirish,08:36:37,08:41:44,307,D. Ismoilova,1015771,yo'q
JAR-00608,2026-06-29,Qayta ishlash,08:43:47,08:54:06,619,N. Yusupova,1876990,yo'q
JAR-00609,2026-06-29,Tasdiqlash,08:55:44,08:59:22,218,N. Yusupova,791267,yo'q
JAR-00610,2026-06-29,Eksport,09:01:27,09:03:17,110,A. Karimov,308893,yo'q
JAR-00611,2026-06-29,Qabul qilish,09:02:37,09:06:22,225,D. Ismoilova,535071,yo'q
JAR-00612,2026-06-29,Tekshirish,09:07:38,09:13:24,346,B. To'xtayev,848730,yo'q
JAR-00613,2026-06-29,Qayta ishlash,09:15:00,09:28:44,824,S. Rahmonov,1870038,yo'q
JAR-00614,2026-06-29,Tasdiqlash,09:30:13,09:34:04,231,B. To'xtayev,585806,yo'q
JAR-00615,2026-06-29,Eksport,09:35:08,09:36:52,104,B. To'xtayev,336604,yo'q
JAR-00616,2026-06-29,Qabul qilish,09:30:39,09:34:15,216,B. To'xtayev,473043,yo'q
JAR-00617,2026-06-29,Tekshirish,09:35:39,09:41:50,371,D. Ismoilova,1016946,yo'q
JAR-00618,2026-06-29,Qayta ishlash,09:43:30,09:54:57,687,S. Rahmonov,1918742,yo'q
JAR-00619,2026-06-29,Tasdiqlash,09:56:13,10:00:26,253,B. To'xtayev,792754,yo'q
JAR-00620,2026-06-29,Eksport,10:01:36,10:03:32,116,A. Karimov,280639,yo'q
JAR-00621,2026-06-29,Qabul qilish,10:02:58,10:06:38,220,S. Rahmonov,509664,yo'q
JAR-00622,2026-06-29,Tekshirish,10:08:57,10:14:30,333,B. To'xtayev,1022234,yo'q
JAR-00623,2026-06-29,Qayta ishlash,10:16:11,10:26:16,605,D. Ismoilova,1729593,yo'q
JAR-00624,2026-06-29,Tasdiqlash,10:27:45,10:32:15,270,B. To'xtayev,764132,yo'q
JAR-00625,2026-06-29,Eksport,10:34:09,10:36:20,131,S. Rahmonov,343226,yo'q
JAR-00626,2026-06-30,Qabul qilish,08:02:36,08:05:56,200,A. Karimov,481656,yo'q
JAR-00627,2026-06-30,Tekshirish,08:06:57,08:11:48,291,N. Yusupova,922987,yo'q
JAR-00628,2026-06-30,Qayta ishlash,08:13:30,08:26:34,784,B. To'xtayev,1823208,yo'q
JAR-00629,2026-06-30,Tasdiqlash,08:27:41,08:31:17,216,N. Yusupova,755850,yo'q
JAR-00630,2026-06-30,Eksport,08:33:00,08:34:48,108,B. To'xtayev,269320,yo'q
JAR-00631,2026-06-30,Qabul qilish,08:32:37,08:35:50,193,N. Yusupova,465879,yo'q
JAR-00632,2026-06-30,Tekshirish,08:37:38,08:42:07,269,B. To'xtayev,839009,yo'q
JAR-00633,2026-06-30,Qayta ishlash,08:44:18,08:58:22,844,N. Yusupova,2299902,yo'q
JAR-00634,2026-06-30,Tasdiqlash,09:00:33,09:05:03,270,S. Rahmonov,705680,yo'q
JAR-00635,2026-06-30,Eksport,09:07:24,09:09:12,108,N. Yusupova,308757,yo'q
JAR-00636,2026-06-30,Qabul qilish,09:00:22,09:03:46,204,D. Ismoilova,427338,yo'q
JAR-00637,2026-06-30,Tekshirish,09:05:33,09:10:49,316,D. Ismoilova,829203,yo'q
JAR-00638,2026-06-30,Qayta ishlash,09:12:21,09:24:36,735,A. Karimov,2100367,yo'q
JAR-00639,2026-06-30,Tasdiqlash,09:26:53,09:31:09,256,B. To'xtayev,753459,yo'q
JAR-00640,2026-06-30,Eksport,09:32:12,09:33:30,78,S. Rahmonov,313412,yo'q
JAR-00641,2026-06-30,Qabul qilish,09:33:04,09:37:16,252,N. Yusupova,581234,yo'q
JAR-00642,2026-06-30,Tekshirish,09:39:11,09:44:36,325,D. Ismoilova,857534,yo'q
JAR-00643,2026-06-30,Qayta ishlash,09:46:00,09:56:12,612,B. To'xtayev,2284925,yo'q
JAR-00644,2026-06-30,Tasdiqlash,09:58:29,10:01:42,193,A. Karimov,886405,yo'q
JAR-00645,2026-06-30,Eksport,10:03:32,10:04:59,87,N. Yusupova,261035,yo'q
JAR-00646,2026-06-30,Qabul qilish,10:01:44,10:04:49,185,S. Rahmonov,453570,yo'q
JAR-00647,2026-06-30,Tekshirish,10:06:20,10:10:54,274,B. To'xtayev,891375,yo'q
JAR-00648,2026-06-30,Qayta ishlash,10:12:07,10:22:40,633,N. Yusupova,1953559,yo'q
JAR-00649,2026-06-30,Tasdiqlash,10:24:41,10:28:12,211,B. To'xtayev,702271,yo'q
JAR-00650,2026-06-30,Eksport,10:30:06,10:31:48,102,D. Ismoilova,302053,yo'q
JAR-00651,2026-07-01,Qabul qilish,08:02:43,08:06:34,231,N. Yusupova,551194,yo'q
JAR-00652,2026-07-01,Tekshirish,08:08:20,08:13:00,280,N. Yusupova,934448,yo'q
JAR-00653,2026-07-01,Qayta ishlash,08:14:22,08:24:31,609,B. To'xtayev,1935033,yo'q
JAR-00654,2026-07-01,Tasdiqlash,08:26:47,08:31:05,258,D. Ismoilova,755727,yo'q
JAR-00655,2026-07-01,Eksport,08:32:06,08:33:32,86,D. Ismoilova,207785,yo'q
JAR-00656,2026-07-01,Qabul qilish,08:30:15,08:34:13,238,S. Rahmonov,498078,yo'q
JAR-00657,2026-07-01,Tekshirish,08:36:32,08:40:55,263,N. Yusupova,930720,yo'q
JAR-00658,2026-07-01,Qayta ishlash,08:42:52,08:52:20,568,B. To'xtayev,2110860,yo'q
JAR-00659,2026-07-01,Tasdiqlash,08:54:38,08:58:56,258,B. To'xtayev,783316,yo'q
JAR-00660,2026-07-01,Eksport,09:00:37,09:02:16,99,S. Rahmonov,319229,yo'q
JAR-00661,2026-07-01,Qabul qilish,09:00:10,09:03:35,205,A. Karimov,459815,yo'q
JAR-00662,2026-07-01,Tekshirish,09:05:04,09:10:45,341,B. To'xtayev,865168,yo'q
JAR-00663,2026-07-01,Qayta ishlash,09:13:10,09:22:40,570,A. Karimov,2016851,yo'q
JAR-00664,2026-07-01,Tasdiqlash,09:23:56,09:27:20,204,D. Ismoilova,715047,yo'q
JAR-00665,2026-07-01,Eksport,09:29:26,09:31:24,118,N. Yusupova,267211,yo'q
JAR-00666,2026-07-01,Qabul qilish,09:32:14,09:35:01,167,D. Ismoilova,525417,yo'q
JAR-00667,2026-07-01,Tekshirish,09:36:28,09:41:01,273,A. Karimov,950158,yo'q
JAR-00668,2026-07-01,Qayta ishlash,09:43:21,09:55:00,699,N. Yusupova,2136457,yo'q
JAR-00669,2026-07-01,Tasdiqlash,09:57:25,10:01:04,219,D. Ismoilova,722294,yo'q
JAR-00670,2026-07-01,Eksport,10:02:10,10:03:31,81,S. Rahmonov,307324,yo'q
JAR-00671,2026-07-01,Qabul qilish,10:01:47,10:05:01,194,B. To'xtayev,536219,yo'q
JAR-00672,2026-07-01,Tekshirish,10:06:36,10:11:13,277,N. Yusupova,822191,yo'q
JAR-00673,2026-07-01,Qayta ishlash,10:13:16,10:25:23,727,S. Rahmonov,1982254,yo'q
JAR-00674,2026-07-01,Tasdiqlash,10:26:44,10:31:01,257,S. Rahmonov,682387,yo'q
JAR-00675,2026-07-01,Eksport,10:33:07,10:34:40,93,N. Yusupova,296329,yo'q
JAR-00676,2026-07-02,Qabul qilish,08:01:45,08:04:57,192,A. Karimov,499357,yo'q
JAR-00677,2026-07-02,Tekshirish,08:07:26,08:12:24,298,S. Rahmonov,969807,yo'q
JAR-00678,2026-07-02,Qayta ishlash,08:14:04,08:24:19,615,S. Rahmonov,2231169,yo'q
JAR-00679,2026-07-02,Tasdiqlash,08:25:45,08:29:08,203,D. Ismoilova,731109,yo'q
JAR-00680,2026-07-02,Eksport,08:31:29,08:33:14,105,B. To'xtayev,286589,yo'q
JAR-00681,2026-07-02,Qabul qilish,08:32:44,08:37:05,261,D. Ismoilova,524313,yo'q
JAR-00682,2026-07-02,Tekshirish,08:39:12,08:44:53,341,D. Ismoilova,862885,yo'q
JAR-00683,2026-07-02,Qayta ishlash,08:46:11,08:56:32,621,B. To'xtayev,1930499,yo'q
JAR-00684,2026-07-02,Tasdiqlash,08:57:44,09:00:59,195,A. Karimov,676613,yo'q
JAR-00685,2026-07-02,Eksport,09:02:34,09:04:13,99,S. Rahmonov,315923,yo'q
JAR-00686,2026-07-02,Qabul qilish,09:01:49,09:04:39,170,D. Ismoilova,573846,yo'q
JAR-00687,2026-07-02,Tekshirish,09:06:05,09:10:24,259,B. To'xtayev,948700,yo'q
JAR-00688,2026-07-02,Qayta ishlash,09:12:45,09:25:14,749,A. Karimov,1924669,yo'q
JAR-00689,2026-07-02,Tasdiqlash,09:26:47,09:30:12,205,N. Yusupova,736519,yo'q
JAR-00690,2026-07-02,Eksport,09:31:47,09:33:24,97,N. Yusupova,292623,yo'q
JAR-00691,2026-07-02,Qabul qilish,09:33:39,09:37:08,209,S. Rahmonov,597915,yo'q
JAR-00692,2026-07-02,Tekshirish,09:39:26,09:45:44,378,N. Yusupova,961029,yo'q
JAR-00693,2026-07-02,Qayta ishlash,09:47:24,09:58:52,688,S. Rahmonov,1990324,yo'q
JAR-00694,2026-07-02,Tasdiqlash,10:00:15,10:03:59,224,B. To'xtayev,654402,yo'q
JAR-00695,2026-07-02,Eksport,10:06:12,10:08:08,116,N. Yusupova,252296,yo'q
JAR-00696,2026-07-02,Qabul qilish,10:03:30,10:06:28,178,N. Yusupova,513905,yo'q
JAR-00697,2026-07-02,Tekshirish,10:08:52,10:13:55,303,D. Ismoilova,N/A,yo'q
JAR-00698,2026-07-02,Qayta ishlash,10:16:14,10:27:38,684,A. Karimov,2251136,yo'q
JAR-00699,2026-07-02,Tasdiqlash,10:30:00,10:34:05,245,S. Rahmonov,707628,yo'q
JAR-00700,2026-07-02,Eksport,10:35:51,10:37:27,96,N. Yusupova,286289,yo'q
JAR-00701,2026-07-03,Qabul qilish,08:02:35,08:05:29,174,B. To'xtayev,510390,yo'q
JAR-00702,2026-07-03,Tekshirish,08:06:43,08:11:43,300,A. Karimov,1045387,yo'q
JAR-00703,2026-07-03,Qayta ishlash,08:13:39,08:24:19,640,D. Ismoilova,2231941,yo'q
JAR-00704,2026-07-03,Tasdiqlash,08:25:41,08:29:43,242,D. Ismoilova,709540,yo'q
JAR-00705,2026-07-03,Eksport,08:31:25,08:33:12,107,N. Yusupova,287205,yo'q
JAR-00706,2026-07-03,Qabul qilish,08:31:16,08:34:36,200,N. Yusupova,546746,yo'q
JAR-00707,2026-07-03,Tekshirish,08:36:50,08:41:44,294,A. Karimov,852408,yo'q
JAR-00708,2026-07-03,Qayta ishlash,08:42:46,08:52:38,592,N. Yusupova,2173336,yo'q
JAR-00709,2026-07-03,Tasdiqlash,08:53:53,08:57:18,205,A. Karimov,795761,yo'q
JAR-00710,2026-07-03,Eksport,08:58:44,09:00:23,99,S. Rahmonov,270558,yo'q
JAR-00711,2026-07-03,Qabul qilish,09:01:09,09:04:18,189,N. Yusupova,519227,yo'q
JAR-00712,2026-07-03,Tekshirish,09:06:13,09:11:29,316,A. Karimov,857749,yo'q
JAR-00713,2026-07-03,Qayta ishlash,09:13:18,09:23:34,616,D. Ismoilova,2195039,yo'q
JAR-00714,2026-07-03,Tasdiqlash,09:25:42,09:29:37,235,N. Yusupova,640852,yo'q
JAR-00715,2026-07-03,Eksport,09:32:05,09:33:48,103,N. Yusupova,282071,yo'q
JAR-00716,2026-07-03,Qabul qilish,09:33:53,09:36:38,165,B. To'xtayev,476336,yo'q
JAR-00717,2026-07-03,Tekshirish,09:38:00,09:42:14,254,N. Yusupova,1021968,yo'q
JAR-00718,2026-07-03,Qayta ishlash,09:44:21,09:57:36,795,N. Yusupova,1957983,yo'q
JAR-00719,2026-07-03,Tasdiqlash,09:59:08,10:02:44,216,D. Ismoilova,816432,yo'q
JAR-00720,2026-07-03,Eksport,10:05:03,10:06:55,112,A. Karimov,318773,yo'q
JAR-00721,2026-07-03,Qabul qilish,10:01:46,10:05:21,215,S. Rahmonov,465015,yo'q
JAR-00722,2026-07-03,Tekshirish,10:07:28,10:12:36,308,S. Rahmonov,985899,yo'q
JAR-00723,2026-07-03,Qayta ishlash,10:14:28,10:22:25,477,B. To'xtayev,2005278,yo'q
JAR-00724,2026-07-03,Tasdiqlash,10:24:42,10:28:28,226,A. Karimov,786080,yo'q
JAR-00725,2026-07-03,Eksport,10:29:33,10:31:22,109,D. Ismoilova,279920,yo'q
JAR-00726,2026-07-04,Qabul qilish,08:00:32,08:04:02,210,B. To'xtayev,565779,yo'q
JAR-00727,2026-07-04,Tekshirish,08:06:19,08:10:48,269,S. Rahmonov,1048212,yo'q
JAR-00728,2026-07-04,Qayta ishlash,08:13:14,08:24:07,653,D. Ismoilova,1989545,yo'q
JAR-00729,2026-07-04,Tasdiqlash,08:25:33,08:29:32,239,D. Ismoilova,679304,yo'q
JAR-00730,2026-07-04,Eksport,08:30:48,08:32:25,97,A. Karimov,252373,yo'q
JAR-00731,2026-07-04,Qabul qilish,08:33:47,08:36:16,149,A. Karimov,497343,yo'q
JAR-00732,2026-07-04,Tekshirish,08:37:21,08:43:10,349,S. Rahmonov,972165,yo'q
JAR-00733,2026-07-04,Qayta ishlash,08:44:45,08:55:18,633,B. To'xtayev,1978244,yo'q
JAR-00734,2026-07-04,Tasdiqlash,08:57:40,09:00:56,196,D. Ismoilova,812616,yo'q
JAR-00735,2026-07-04,Eksport,09:02:42,09:04:38,116,S. Rahmonov,267151,yo'q
JAR-00736,2026-07-04,Qabul qilish,09:00:00,09:03:16,196,A. Karimov,465635,yo'q
JAR-00737,2026-07-04,Tekshirish,09:04:36,09:08:26,230,S. Rahmonov,,yo'q
JAR-00738,2026-07-04,Qayta ishlash,09:09:31,09:20:19,648,N. Yusupova,2026055,yo'q
JAR-00429,2026-06-20,Tasdiqlash,08:29:15,08:33:22,247,D. Ismoilova,846268,yo'q
JAR-00739,2026-07-04,Tasdiqlash,09:21:25,09:25:40,255,N. Yusupova,729866,yo'q
JAR-00740,2026-07-04,Eksport,09:27:51,09:29:49,118,A. Karimov,273916,yo'q
JAR-00741,2026-07-04,Qabul qilish,09:30:26,09:33:45,199,S. Rahmonov,535305,yo'q
JAR-00742,2026-07-04,Tekshirish,09:35:03,09:39:49,286,B. To'xtayev,1032486,yo'q
JAR-00743,2026-07-04,Qayta ishlash,09:42:04,09:53:37,693,D. Ismoilova,1771953,yo'q
JAR-00744,2026-07-04,Tasdiqlash,09:55:46,09:59:46,240,S. Rahmonov,842371,yo'q
JAR-00745,2026-07-04,Eksport,10:00:59,10:02:38,99,D. Ismoilova,300813,yo'q
JAR-00746,2026-07-04,Qabul qilish,10:01:48,10:04:08,140,A. Karimov,610687,yo'q
JAR-00747,2026-07-04,Tekshirish,10:06:28,10:10:08,220,A. Karimov,826338,ha
JAR-00748,2026-07-04,Qayta ishlash,10:11:12,10:23:48,756,S. Rahmonov,1893562,yo'q
JAR-00749,2026-07-04,Tasdiqlash,10:25:10,10:28:53,223,N. Yusupova,627614,yo'q
JAR-00750,2026-07-04,Eksport,10:31:07,10:32:51,104,B. To'xtayev,275548,yo'q
JAR-00751,2026-07-06,Qabul qilish,08:02:35,08:05:44,189,A. Karimov,546843,yo'q
JAR-00752,2026-07-06,Tekshirish,08:08:08,08:12:04,236,S. Rahmonov,955869,yo'q
JAR-00753,2026-07-06,Qayta ishlash,08:14:10,08:24:31,621,B. To'xtayev,2203282,yo'q
JAR-00754,2026-07-06,Tasdiqlash,08:26:49,08:30:50,241,S. Rahmonov,815494,yo'q
JAR-00755,2026-07-06,Eksport,08:32:20,08:33:50,90,D. Ismoilova,280168,yo'q
JAR-00756,2026-07-06,Qabul qilish,08:33:38,08:37:16,218,D. Ismoilova,545258,yo'q
JAR-00757,2026-07-06,Tekshirish,08:38:25,08:43:42,317,D. Ismoilova,1003142,yo'q
JAR-00758,2026-07-06,Qayta ishlash,08:45:26,08:57:52,746,S. Rahmonov,2159837,yo'q
JAR-00759,2026-07-06,Tasdiqlash,08:59:32,09:03:05,213,A. Karimov,703484,yo'q
JAR-00760,2026-07-06,Eksport,09:05:20,09:07:06,106,B. To'xtayev,295955,yo'q
JAR-00761,2026-07-06,Qabul qilish,09:02:14,09:05:30,196,A. Karimov,546719,yo'q
JAR-00762,2026-07-06,Tekshirish,09:06:35,09:10:54,259,B. To'xtayev,938167,yo'q
JAR-00763,2026-07-06,Qayta ishlash,09:12:04,09:20:50,526,D. Ismoilova,1701385,yo'q
JAR-00764,2026-07-06,Tasdiqlash,09:22:29,09:26:07,218,A. Karimov,802698,yo'q
JAR-00765,2026-07-06,Eksport,09:28:12,09:30:10,118,B. To'xtayev,278722,yo'q
JAR-00766,2026-07-06,Qabul qilish,09:31:37,09:34:52,195,D. Ismoilova,566914,yo'q
JAR-00767,2026-07-06,Tekshirish,09:37:08,09:41:53,285,N. Yusupova,818296,yo'q
JAR-00768,2026-07-06,Qayta ishlash,09:43:15,09:55:00,705,A. Karimov,2132627,yo'q
JAR-00769,2026-07-06,Tasdiqlash,09:56:52,10:00:51,239,B. To'xtayev,830286,yo'q
JAR-00770,2026-07-06,Eksport,10:02:03,10:03:37,94,D. Ismoilova,N/A,yo'q
JAR-00771,2026-07-06,Qabul qilish,10:00:08,10:03:10,182,S. Rahmonov,514797,yo'q
JAR-00772,2026-07-06,Tekshirish,10:05:07,10:10:07,300,S. Rahmonov,739478,yo'q
JAR-00773,2026-07-06,Qayta ishlash,10:12:36,10:23:32,656,B. To'xtayev,2072734,yo'q
JAR-00774,2026-07-06,Tasdiqlash,10:24:57,10:29:16,259,D. Ismoilova,776567,yo'q
JAR-00775,2026-07-06,Eksport,10:31:29,10:33:17,108,N. Yusupova,250553,yo'q
JAR-00776,2026-07-07,Qabul qilish,08:00:22,08:03:46,204,B. To'xtayev,569923,yo'q
JAR-00777,2026-07-07,Tekshirish,08:04:51,08:10:08,317,A. Karimov,907947,yo'q
JAR-00778,2026-07-07,Qayta ishlash,08:11:52,08:23:00,668,B. To'xtayev,1903697,yo'q
JAR-00779,2026-07-07,Tasdiqlash,08:24:39,08:28:24,225,S. Rahmonov,638617,yo'q
JAR-00780,2026-07-07,Eksport,08:29:36,08:30:47,71,D. Ismoilova,283115,yo'q
JAR-00781,2026-07-07,Qabul qilish,08:30:57,08:35:01,244,S. Rahmonov,400882,yo'q
JAR-00782,2026-07-07,Tekshirish,08:36:34,08:41:43,309,A. Karimov,1044064,yo'q
JAR-00783,2026-07-07,Qayta ishlash,08:44:01,08:55:57,716,A. Karimov,2038217,yo'q
JAR-00784,2026-07-07,Tasdiqlash,08:58:00,09:01:10,190,S. Rahmonov,570298,yo'q
JAR-00785,2026-07-07,Eksport,09:02:33,09:04:17,104,N. Yusupova,286024,yo'q
JAR-00786,2026-07-07,Qabul qilish,09:00:51,09:04:10,199,D. Ismoilova,555810,ha
JAR-00787,2026-07-07,Tekshirish,09:05:12,09:09:48,276,S. Rahmonov,962212,yo'q
JAR-00788,2026-07-07,Qayta ishlash,09:11:18,09:22:03,645,N. Yusupova,2220945,yo'q
JAR-00789,2026-07-07,Tasdiqlash,09:24:06,09:28:04,238,S. Rahmonov,853406,yo'q
JAR-00790,2026-07-07,Eksport,09:30:18,09:32:02,104,N. Yusupova,254000,yo'q
JAR-00791,2026-07-07,Qabul qilish,09:30:19,09:34:23,244,B. To'xtayev,472818,yo'q
JAR-00792,2026-07-07,Tekshirish,09:35:29,09:41:12,343,B. To'xtayev,987192,yo'q
JAR-00793,2026-07-07,Qayta ishlash,09:42:14,09:52:24,610,A. Karimov,1821353,yo'q
JAR-00794,2026-07-07,Tasdiqlash,09:53:44,09:57:00,196,N. Yusupova,703707,yo'q
JAR-00795,2026-07-07,Eksport,09:58:53,10:00:31,98,A. Karimov,303801,yo'q
JAR-00796,2026-07-07,Qabul qilish,10:01:22,10:04:32,190,A. Karimov,578566,yo'q
JAR-00797,2026-07-07,Tekshirish,10:07:01,10:12:34,333,D. Ismoilova,929924,yo'q
JAR-00798,2026-07-07,Qayta ishlash,10:13:54,10:26:32,758,D. Ismoilova,2003958,yo'q
JAR-00799,2026-07-07,Tasdiqlash,10:28:32,10:31:49,197,N. Yusupova,691577,yo'q
JAR-00800,2026-07-07,Eksport,10:33:53,10:35:36,103,S. Rahmonov,268468,yo'q
JAR-00801,2026-07-08,Qabul qilish,08:01:23,08:04:41,198,B. To'xtayev,472750,yo'q
JAR-00802,2026-07-08,Tekshirish,08:06:30,08:12:09,339,N. Yusupova,998567,yo'q
JAR-00803,2026-07-08,Qayta ishlash,08:14:02,08:27:51,829,B. To'xtayev,2292403,yo'q
JAR-00804,2026-07-08,Tasdiqlash,08:30:05,08:34:19,254,D. Ismoilova,900175,yo'q
JAR-00805,2026-07-08,Eksport,08:35:45,08:37:20,95,D. Ismoilova,320340,yo'q
JAR-00806,2026-07-08,Qabul qilish,08:30:03,08:32:50,167,S. Rahmonov,555198,yo'q
JAR-00807,2026-07-08,Tekshirish,08:34:26,08:39:29,303,N. Yusupova,825449,yo'q
JAR-00808,2026-07-08,Qayta ishlash,08:41:10,08:54:20,790,S. Rahmonov,1832547,yo'q
JAR-00809,2026-07-08,Tasdiqlash,08:55:40,08:58:39,179,B. To'xtayev,698399,yo'q
JAR-00810,2026-07-08,Eksport,08:59:51,09:01:23,92,D. Ismoilova,328416,yo'q
JAR-00811,2026-07-08,Qabul qilish,09:03:39,09:07:21,222,D. Ismoilova,515270,yo'q
JAR-00812,2026-07-08,Tekshirish,09:09:34,09:14:58,324,D. Ismoilova,865690,yo'q
JAR-00813,2026-07-08,Qayta ishlash,09:16:10,09:27:23,673,D. Ismoilova,2148087,yo'q
JAR-00814,2026-07-08,Tasdiqlash,09:29:22,09:32:21,179,S. Rahmonov,760268,yo'q
JAR-00815,2026-07-08,Eksport,09:34:34,09:36:11,97,B. To'xtayev,310514,yo'q
JAR-00816,2026-07-08,Qabul qilish,09:32:20,09:35:16,176,N. Yusupova,546224,yo'q
JAR-00817,2026-07-08,Tekshirish,09:36:47,09:42:54,367,B. To'xtayev,952013,yo'q
JAR-00818,2026-07-08,Qayta ishlash,09:44:16,09:54:58,642,A. Karimov,1521367,yo'q
JAR-00819,2026-07-08,Tasdiqlash,09:56:44,10:00:12,208,D. Ismoilova,802210,yo'q
JAR-00820,2026-07-08,Eksport,10:02:38,10:04:37,119,N. Yusupova,228131,yo'q
JAR-00821,2026-07-08,Qabul qilish,10:02:28,10:05:39,191,D. Ismoilova,453081,yo'q
JAR-00822,2026-07-08,Tekshirish,10:06:42,10:12:09,327,D. Ismoilova,896201,yo'q
JAR-00823,2026-07-08,Qayta ishlash,10:14:21,10:22:48,507,D. Ismoilova,2443979,yo'q
JAR-00824,2026-07-08,Tasdiqlash,10:25:13,10:28:26,193,D. Ismoilova,,yo'q
JAR-00825,2026-07-08,Eksport,10:30:44,10:32:36,112,A. Karimov,354542,yo'q
JAR-00826,2026-07-09,Qabul qilish,08:02:46,08:06:04,198,B. To'xtayev,479470,yo'q
JAR-00827,2026-07-09,Tekshirish,08:07:10,08:10:30,200,D. Ismoilova,915335,yo'q
JAR-00828,2026-07-09,Qayta ishlash,08:12:55,08:26:01,786,N. Yusupova,1849511,yo'q
JAR-00829,2026-07-09,Tasdiqlash,08:27:04,08:31:17,253,S. Rahmonov,653104,yo'q
JAR-00830,2026-07-09,Eksport,08:33:32,08:35:26,114,B. To'xtayev,300701,yo'q
JAR-00831,2026-07-09,Qabul qilish,08:30:12,08:33:57,225,A. Karimov,593755,yo'q
JAR-00832,2026-07-09,Tekshirish,08:36:16,08:41:32,316,N. Yusupova,924313,yo'q
JAR-00833,2026-07-09,Qayta ishlash,08:42:46,08:52:08,562,A. Karimov,1894361,yo'q
JAR-00834,2026-07-09,Tasdiqlash,08:53:43,08:57:04,201,S. Rahmonov,698624,yo'q
JAR-00835,2026-07-09,Eksport,08:58:50,09:00:25,95,A. Karimov,237508,yo'q
JAR-00836,2026-07-09,Qabul qilish,09:03:57,09:07:00,183,S. Rahmonov,406126,yo'q
JAR-00837,2026-07-09,Tekshirish,09:09:08,09:14:51,343,S. Rahmonov,1000636,yo'q
JAR-00838,2026-07-09,Qayta ishlash,09:16:16,09:28:03,707,S. Rahmonov,2121137,yo'q
JAR-00839,2026-07-09,Tasdiqlash,09:30:05,09:33:08,183,D. Ismoilova,698161,yo'q
JAR-00840,2026-07-09,Eksport,09:35:15,09:37:09,114,S. Rahmonov,296429,yo'q
JAR-00841,2026-07-09,Qabul qilish,09:31:13,09:34:55,222,B. To'xtayev,524376,yo'q
JAR-00842,2026-07-09,Tekshirish,09:36:32,09:41:46,314,B. To'xtayev,949609,yo'q
JAR-00843,2026-07-09,Qayta ishlash,09:43:56,09:54:36,640,D. Ismoilova,1549102,yo'q
JAR-00844,2026-07-09,Tasdiqlash,09:56:52,10:00:27,215,B. To'xtayev,753110,yo'q
JAR-00845,2026-07-09,Eksport,10:01:29,10:03:07,98,A. Karimov,252106,yo'q
JAR-00846,2026-07-09,Qabul qilish,10:02:39,10:05:58,199,S. Rahmonov,483518,yo'q
JAR-00847,2026-07-09,Tekshirish,10:07:15,10:12:32,317,B. To'xtayev,921274,yo'q
JAR-00848,2026-07-09,Qayta ishlash,10:14:28,10:25:18,650,D. Ismoilova,2229365,yo'q
JAR-00849,2026-07-09,Tasdiqlash,10:26:40,10:30:27,227,S. Rahmonov,708487,yo'q
JAR-00850,2026-07-09,Eksport,10:31:30,10:32:57,87,B. To'xtayev,317784,yo'q
JAR-00851,2026-07-10,Qabul qilish,08:03:10,08:07:05,235,N. Yusupova,532728,yo'q
JAR-00852,2026-07-10,Tekshirish,08:09:22,08:13:50,268,N. Yusupova,836633,yo'q
JAR-00853,2026-07-10,Qayta ishlash,08:15:13,08:25:08,595,A. Karimov,1834931,yo'q
JAR-00854,2026-07-10,Tasdiqlash,08:27:13,08:31:32,259,S. Rahmonov,801167,yo'q
JAR-00855,2026-07-10,Eksport,08:33:04,08:34:57,113,A. Karimov,265002,yo'q
JAR-00856,2026-07-10,Qabul qilish,08:30:18,08:33:52,214,N. Yusupova,463115,yo'q
JAR-00857,2026-07-10,Tekshirish,08:36:07,08:41:32,325,A. Karimov,1150967,yo'q
JAR-00858,2026-07-10,Qayta ishlash,08:43:54,08:55:10,676,D. Ismoilova,2194933,yo'q
JAR-00859,2026-07-10,Tasdiqlash,08:57:31,09:00:34,,S. Rahmonov,685837,yo'q
JAR-00860,2026-07-10,Eksport,09:02:16,09:04:00,104,D. Ismoilova,261039,yo'q
JAR-00861,2026-07-10,Qabul qilish,09:01:42,09:04:10,148,A. Karimov,468456,ha
JAR-00862,2026-07-10,Tekshirish,09:06:16,09:09:54,218,B. To'xtayev,1032892,yo'q
JAR-00863,2026-07-10,Qayta ishlash,09:10:54,09:19:33,519,B. To'xtayev,2082392,yo'q
JAR-00864,2026-07-10,Tasdiqlash,09:21:04,09:24:49,225,D. Ismoilova,842413,yo'q
JAR-00865,2026-07-10,Eksport,09:26:34,09:28:28,114,B. To'xtayev,309818,yo'q
JAR-00866,2026-07-10,Qabul qilish,09:30:00,09:33:29,209,N. Yusupova,512904,ha
JAR-00867,2026-07-10,Tekshirish,09:34:58,09:40:24,326,B. To'xtayev,871821,yo'q
JAR-00868,2026-07-10,Qayta ishlash,09:42:37,09:52:37,600,A. Karimov,1860080,yo'q
JAR-00869,2026-07-10,Tasdiqlash,09:55:03,09:59:27,264,D. Ismoilova,784394,yo'q
JAR-00870,2026-07-10,Eksport,10:01:43,10:03:19,96,S. Rahmonov,296330,yo'q
JAR-00871,2026-07-10,Qabul qilish,10:03:29,10:06:58,209,N. Yusupova,435513,yo'q
JAR-00872,2026-07-10,Tekshirish,10:08:58,10:13:49,291,A. Karimov,1011269,yo'q
JAR-00873,2026-07-10,Qayta ishlash,10:15:46,10:26:33,647,A. Karimov,2233923,yo'q
JAR-00874,2026-07-10,Tasdiqlash,10:28:00,10:31:51,231,S. Rahmonov,821805,yo'q
JAR-00875,2026-07-10,Eksport,10:34:08,10:35:51,103,D. Ismoilova,219881,yo'q
JAR-00876,2026-07-11,Qabul qilish,08:00:51,08:03:54,183,N. Yusupova,558385,yo'q
JAR-00877,2026-07-11,Tekshirish,08:05:03,08:09:44,281,B. To'xtayev,869384,yo'q
JAR-00878,2026-07-11,Qayta ishlash,08:11:02,08:23:34,752,N. Yusupova,1671818,yo'q
JAR-00879,2026-07-11,Tasdiqlash,08:25:30,08:29:05,215,N. Yusupova,740169,yo'q
JAR-00880,2026-07-11,Eksport,08:30:46,08:32:35,109,N. Yusupova,258448,yo'q
JAR-00881,2026-07-11,Qabul qilish,08:32:54,08:35:38,164,S. Rahmonov,581002,yo'q
JAR-00882,2026-07-11,Tekshirish,08:38:02,08:43:00,298,D. Ismoilova,936766,yo'q
JAR-00883,2026-07-11,Qayta ishlash,08:44:40,08:54:41,601,B. To'xtayev,1845913,yo'q
JAR-00884,2026-07-11,Tasdiqlash,08:56:24,08:59:42,198,S. Rahmonov,604797,yo'q
JAR-00885,2026-07-11,Eksport,09:01:58,09:03:22,84,N. Yusupova,274804,yo'q
JAR-00886,2026-07-11,Qabul qilish,09:01:48,09:05:18,210,D. Ismoilova,500519,yo'q
JAR-00887,2026-07-11,Tekshirish,09:06:48,09:12:22,334,B. To'xtayev,1055696,yo'q
JAR-00888,2026-07-11,Qayta ishlash,09:13:24,09:24:25,661,D. Ismoilova,1857745,yo'q
JAR-00889,2026-07-11,Tasdiqlash,09:25:36,09:28:47,191,D. Ismoilova,734128,yo'q
JAR-00890,2026-07-11,Eksport,09:31:09,09:33:08,119,B. To'xtayev,293020,yo'q
JAR-00891,2026-07-11,Qabul qilish,09:30:12,09:33:24,192,A. Karimov,592870,yo'q
JAR-00892,2026-07-11,Tekshirish,09:34:42,09:40:24,342,A. Karimov,736309,yo'q
JAR-00893,2026-07-11,Qayta ishlash,09:42:09,09:52:47,638,N. Yusupova,2213727,yo'q
JAR-00894,2026-07-11,Tasdiqlash,09:55:03,09:59:19,256,S. Rahmonov,787009,yo'q
JAR-00895,2026-07-11,Eksport,10:01:06,10:02:31,85,N. Yusupova,304558,yo'q
JAR-00896,2026-07-11,Qabul qilish,10:03:36,10:06:30,174,B. To'xtayev,507480,yo'q
JAR-00897,2026-07-11,Tekshirish,10:08:49,10:13:13,264,B. To'xtayev,818277,yo'q
JAR-00898,2026-07-11,Qayta ishlash,10:14:37,10:27:46,789,B. To'xtayev,2203791,yo'q
JAR-00899,2026-07-11,Tasdiqlash,10:29:12,10:33:02,230,A. Karimov,702887,yo'q
JAR-00900,2026-07-11,Eksport,10:34:52,10:36:28,96,D. Ismoilova,269690,yo'q
JAR-00901,2026-07-13,Qabul qilish,08:01:13,08:04:59,226,A. Karimov,599454,yo'q
JAR-00902,2026-07-13,Tekshirish,08:06:16,08:11:03,287,D. Ismoilova,826938,yo'q
JAR-00903,2026-07-13,Qayta ishlash,08:13:01,08:20:56,475,D. Ismoilova,2080444,yo'q
JAR-00904,2026-07-13,Tasdiqlash,08:23:05,08:25:56,171,A. Karimov,720564,yo'q
JAR-00905,2026-07-13,Eksport,08:27:01,08:28:41,100,S. Rahmonov,262045,yo'q
JAR-00906,2026-07-13,Qabul qilish,08:31:02,08:34:49,227,N. Yusupova,524045,yo'q
JAR-00907,2026-07-13,Tekshirish,08:36:45,08:41:17,272,D. Ismoilova,757942,yo'q
JAR-00908,2026-07-13,Qayta ishlash,08:42:37,08:54:52,735,A. Karimov,2080903,yo'q
JAR-00909,2026-07-13,Tasdiqlash,08:57:20,09:01:22,242,N. Yusupova,670424,ha
JAR-00910,2026-07-13,Eksport,09:03:17,09:04:58,101,S. Rahmonov,273975,ha
JAR-00911,2026-07-13,Qabul qilish,09:03:44,09:07:10,206,A. Karimov,483101,yo'q
JAR-00912,2026-07-13,Tekshirish,09:08:39,09:12:50,251,S. Rahmonov,895556,yo'q
JAR-00913,2026-07-13,Qayta ishlash,09:14:32,09:25:24,652,B. To'xtayev,2026068,yo'q
JAR-00914,2026-07-13,Tasdiqlash,09:27:40,09:31:50,250,A. Karimov,627159,yo'q
JAR-00915,2026-07-13,Eksport,09:32:51,09:34:30,99,S. Rahmonov,323904,yo'q
JAR-00916,2026-07-13,Qabul qilish,09:30:07,09:33:59,232,A. Karimov,540839,yo'q
JAR-01699,2026-08-18,Tasdiqlash,10:27:14,10:30:28,194,A. Karimov,641219,yo'q
JAR-00917,2026-07-13,Tekshirish,09:35:56,09:40:23,267,A. Karimov,950597,yo'q
JAR-00918,2026-07-13,Qayta ishlash,09:42:41,09:53:32,651,B. To'xtayev,2054452,yo'q
JAR-00919,2026-07-13,Tasdiqlash,09:54:32,09:58:00,208,D. Ismoilova,678876,yo'q
JAR-00920,2026-07-13,Eksport,09:59:16,10:01:10,114,B. To'xtayev,295094,yo'q
JAR-00921,2026-07-13,Qabul qilish,10:00:53,10:04:10,197,B. To'xtayev,563037,yo'q
JAR-00922,2026-07-13,Tekshirish,10:05:49,10:10:47,298,B. To'xtayev,802926,yo'q
JAR-00923,2026-07-13,Qayta ishlash,10:13:12,10:24:17,665,N. Yusupova,2103336,yo'q
JAR-00924,2026-07-13,Tasdiqlash,10:26:30,10:30:31,241,S. Rahmonov,739796,yo'q
JAR-00925,2026-07-13,Eksport,10:31:38,10:33:08,90,B. To'xtayev,272148,yo'q
JAR-00926,2026-07-14,Qabul qilish,08:02:17,08:05:34,197,B. To'xtayev,550772,yo'q
JAR-00927,2026-07-14,Tekshirish,08:07:21,08:11:38,257,N. Yusupova,1001209,yo'q
JAR-00928,2026-07-14,Qayta ishlash,08:13:43,08:24:55,672,D. Ismoilova,2105324,yo'q
JAR-00929,2026-07-14,Tasdiqlash,08:26:49,08:30:09,200,B. To'xtayev,581946,yo'q
JAR-00930,2026-07-14,Eksport,08:32:16,08:33:54,98,N. Yusupova,271352,yo'q
JAR-00931,2026-07-14,Qabul qilish,08:33:47,08:37:41,234,B. To'xtayev,502036,yo'q
JAR-00932,2026-07-14,Tekshirish,08:38:47,08:44:26,339,A. Karimov,743234,yo'q
JAR-00933,2026-07-14,Qayta ishlash,08:46:35,08:57:34,659,A. Karimov,1754839,yo'q
JAR-00934,2026-07-14,Tasdiqlash,08:59:23,09:03:24,241,B. To'xtayev,,yo'q
JAR-00935,2026-07-14,Eksport,09:05:33,09:07:45,132,D. Ismoilova,317040,yo'q
JAR-00936,2026-07-14,Qabul qilish,09:00:31,09:03:59,208,D. Ismoilova,454462,yo'q
JAR-00937,2026-07-14,Tekshirish,09:05:32,09:10:30,298,S. Rahmonov,1045622,yo'q
JAR-00938,2026-07-14,Qayta ishlash,09:11:57,09:22:31,634,A. Karimov,1968172,yo'q
JAR-00939,2026-07-14,Tasdiqlash,09:23:40,09:26:59,199,N. Yusupova,751707,yo'q
JAR-00940,2026-07-14,Eksport,09:28:12,09:29:35,83,B. To'xtayev,308476,yo'q
JAR-00941,2026-07-14,Qabul qilish,09:32:50,09:35:56,186,B. To'xtayev,N/A,yo'q
JAR-00942,2026-07-14,Tekshirish,09:38:18,09:43:00,282,D. Ismoilova,953588,yo'q
JAR-00943,2026-07-14,Qayta ishlash,09:44:09,09:54:55,646,A. Karimov,1981637,yo'q
JAR-00944,2026-07-14,Tasdiqlash,09:56:39,10:00:25,226,N. Yusupova,665219,yo'q
JAR-00945,2026-07-14,Eksport,10:01:48,10:03:48,120,S. Rahmonov,288797,yo'q
JAR-00946,2026-07-14,Qabul qilish,10:02:31,10:06:03,212,S. Rahmonov,661306,yo'q
JAR-00947,2026-07-14,Tekshirish,10:07:26,10:13:11,345,S. Rahmonov,1071382,yo'q
JAR-00948,2026-07-14,Qayta ishlash,10:15:39,10:28:54,795,N. Yusupova,2285230,yo'q
JAR-00949,2026-07-14,Tasdiqlash,10:31:06,10:33:45,159,S. Rahmonov,744778,yo'q
JAR-00950,2026-07-14,Eksport,10:35:07,10:36:29,82,D. Ismoilova,267562,yo'q
JAR-00951,2026-07-15,Qabul qilish,08:00:56,08:03:34,158,N. Yusupova,516901,yo'q
JAR-00952,2026-07-15,Tekshirish,08:04:45,08:10:06,321,B. To'xtayev,891502,yo'q
JAR-00953,2026-07-15,Qayta ishlash,08:11:06,08:23:09,723,S. Rahmonov,1751126,yo'q
JAR-00954,2026-07-15,Tasdiqlash,08:25:04,08:29:15,251,B. To'xtayev,756441,yo'q
JAR-00955,2026-07-15,Eksport,08:30:15,08:31:51,96,A. Karimov,285429,yo'q
JAR-00956,2026-07-15,Qabul qilish,08:31:32,08:34:42,190,B. To'xtayev,462794,yo'q
JAR-00957,2026-07-15,Tekshirish,08:36:54,08:39:59,185,N. Yusupova,823274,yo'q
JAR-00958,2026-07-15,Qayta ishlash,08:41:34,08:51:24,590,D. Ismoilova,1840622,yo'q
JAR-00959,2026-07-15,Tasdiqlash,08:53:03,08:56:02,179,B. To'xtayev,751172,yo'q
JAR-00960,2026-07-15,Eksport,08:57:31,08:59:11,100,D. Ismoilova,283673,yo'q
JAR-00961,2026-07-15,Qabul qilish,09:00:34,09:03:34,180,A. Karimov,540092,yo'q
JAR-00962,2026-07-15,Tekshirish,09:05:48,09:10:56,308,B. To'xtayev,994949,yo'q
JAR-00963,2026-07-15,Qayta ishlash,09:12:11,09:23:49,698,B. To'xtayev,1881792,yo'q
JAR-00964,2026-07-15,Tasdiqlash,09:25:58,09:30:02,244,N. Yusupova,677498,yo'q
JAR-00965,2026-07-15,Eksport,09:31:44,09:33:09,85,A. Karimov,303650,yo'q
JAR-00966,2026-07-15,Qabul qilish,09:31:11,09:34:56,225,S. Rahmonov,515040,yo'q
JAR-00967,2026-07-15,Tekshirish,09:37:19,09:42:11,2362.8,S. Rahmonov,911789,yo'q
JAR-00968,2026-07-15,Qayta ishlash,09:43:30,09:53:14,584,S. Rahmonov,2167516,yo'q
JAR-00969,2026-07-15,Tasdiqlash,09:54:30,09:58:31,241,D. Ismoilova,790944,yo'q
JAR-00970,2026-07-15,Eksport,10:00:31,10:02:01,90,D. Ismoilova,310179,yo'q
JAR-00971,2026-07-15,Qabul qilish,10:02:42,10:06:08,206,D. Ismoilova,481439,yo'q
JAR-00972,2026-07-15,Tekshirish,10:08:37,10:13:43,306,D. Ismoilova,878529,yo'q
JAR-00973,2026-07-15,Qayta ishlash,10:16:06,10:25:57,591,D. Ismoilova,2019735,yo'q
JAR-00974,2026-07-15,Tasdiqlash,10:27:06,10:30:03,177,N. Yusupova,715424,yo'q
JAR-00975,2026-07-15,Eksport,10:32:22,10:34:01,99,D. Ismoilova,261246,yo'q
JAR-00976,2026-07-16,Qabul qilish,08:00:00,08:04:03,243,D. Ismoilova,544025,yo'q
JAR-00977,2026-07-16,Tekshirish,08:05:59,08:11:50,351,S. Rahmonov,916376,yo'q
JAR-00978,2026-07-16,Qayta ishlash,08:13:15,08:23:39,624,B. To'xtayev,2175812,yo'q
JAR-00979,2026-07-16,Tasdiqlash,08:25:15,08:29:10,235,A. Karimov,774006,yo'q
JAR-00980,2026-07-16,Eksport,08:31:31,08:33:11,100,S. Rahmonov,283048,yo'q
JAR-00981,2026-07-16,Qabul qilish,08:33:15,08:36:33,198,A. Karimov,506738,yo'q
JAR-00982,2026-07-16,Tekshirish,08:38:34,08:43:15,281,S. Rahmonov,959236,yo'q
JAR-00983,2026-07-16,Qayta ishlash,08:44:39,08:54:37,598,A. Karimov,1991741,yo'q
JAR-00984,2026-07-16,Tasdiqlash,08:56:51,09:00:24,213,D. Ismoilova,805152,yo'q
JAR-00985,2026-07-16,Eksport,09:01:27,09:03:40,133,A. Karimov,308922,yo'q
JAR-00986,2026-07-16,Qabul qilish,09:02:36,09:06:18,222,B. To'xtayev,495827,yo'q
JAR-00987,2026-07-16,Tekshirish,09:07:51,09:12:54,303,A. Karimov,739518,yo'q
JAR-00988,2026-07-16,Qayta ishlash,09:15:22,09:27:13,711,D. Ismoilova,2065677,yo'q
JAR-00989,2026-07-16,Tasdiqlash,09:29:14,09:33:34,260,N. Yusupova,672379,yo'q
JAR-00990,2026-07-16,Eksport,09:35:03,09:36:41,98,A. Karimov,293063,yo'q
JAR-00991,2026-07-16,Qabul qilish,09:33:41,09:37:26,225,A. Karimov,528887,yo'q
JAR-00992,2026-07-16,Tekshirish,09:39:33,09:45:08,335,N. Yusupova,840797,yo'q
JAR-00993,2026-07-16,Qayta ishlash,09:46:48,09:59:31,763,N. Yusupova,1639328,yo'q
JAR-00994,2026-07-16,Tasdiqlash,10:01:29,10:04:23,174,B. To'xtayev,679324,yo'q
JAR-00995,2026-07-16,Eksport,10:06:13,10:07:59,106,D. Ismoilova,307927,yo'q
JAR-00996,2026-07-16,Qabul qilish,10:03:09,10:06:33,204,S. Rahmonov,528433,yo'q
JAR-00997,2026-07-16,Tekshirish,10:08:32,10:13:17,285,N. Yusupova,902073,yo'q
JAR-00998,2026-07-16,Qayta ishlash,10:14:55,10:26:46,711,S. Rahmonov,2227214,yo'q
JAR-00999,2026-07-16,Tasdiqlash,10:28:21,10:31:59,218,S. Rahmonov,774414,yo'q
JAR-01000,2026-07-16,Eksport,10:34:26,10:36:11,105,D. Ismoilova,280610,yo'q
JAR-01001,2026-07-17,Qabul qilish,08:01:44,08:05:27,223,S. Rahmonov,624275,yo'q
JAR-01002,2026-07-17,Tekshirish,08:07:30,08:11:58,268,N. Yusupova,959070,yo'q
JAR-01003,2026-07-17,Qayta ishlash,08:13:54,08:25:59,725,D. Ismoilova,2306487,yo'q
JAR-01004,2026-07-17,Tasdiqlash,08:27:33,08:31:36,243,D. Ismoilova,668247,yo'q
JAR-01005,2026-07-17,Eksport,08:33:54,08:35:29,95,D. Ismoilova,267167,yo'q
JAR-01006,2026-07-17,Qabul qilish,08:30:25,08:33:15,170,D. Ismoilova,510949,yo'q
JAR-01007,2026-07-17,Tekshirish,08:34:45,08:40:19,334,D. Ismoilova,1029587,yo'q
JAR-01008,2026-07-17,Qayta ishlash,08:42:07,08:54:02,715,B. To'xtayev,1829323,yo'q
JAR-01009,2026-07-17,Tasdiqlash,08:55:54,09:00:15,261,N. Yusupova,656232,ha
JAR-01010,2026-07-17,Eksport,09:01:46,09:03:24,98,A. Karimov,268464,yo'q
JAR-01011,2026-07-17,Qabul qilish,09:02:38,09:06:11,213,D. Ismoilova,454351,yo'q
JAR-01012,2026-07-17,Tekshirish,09:08:34,09:13:25,291,N. Yusupova,987653,yo'q
JAR-01013,2026-07-17,Qayta ishlash,09:15:01,09:25:27,626,D. Ismoilova,1950783,yo'q
JAR-01014,2026-07-17,Tasdiqlash,09:27:47,09:31:15,208,S. Rahmonov,737719,yo'q
JAR-01015,2026-07-17,Eksport,09:32:30,09:33:54,84,A. Karimov,264959,yo'q
JAR-01016,2026-07-17,Qabul qilish,09:33:49,09:37:30,221,N. Yusupova,504172,yo'q
JAR-01017,2026-07-17,Tekshirish,09:39:22,09:44:12,290,B. To'xtayev,1032819,yo'q
JAR-01018,2026-07-17,Qayta ishlash,09:46:26,09:57:40,674,S. Rahmonov,1852050,yo'q
JAR-01019,2026-07-17,Tasdiqlash,09:59:15,10:02:15,180,N. Yusupova,690836,yo'q
JAR-01020,2026-07-17,Eksport,10:04:17,10:05:52,95,S. Rahmonov,328617,yo'q
JAR-01021,2026-07-17,Qabul qilish,10:01:10,10:05:00,230,D. Ismoilova,513427,yo'q
JAR-01022,2026-07-17,Tekshirish,10:06:09,10:11:37,328,S. Rahmonov,864960,yo'q
JAR-01023,2026-07-17,Qayta ishlash,10:13:11,10:25:03,712,S. Rahmonov,1957698,yo'q
JAR-01024,2026-07-17,Tasdiqlash,10:26:36,10:30:07,211,S. Rahmonov,697328,yo'q
JAR-01025,2026-07-17,Eksport,10:31:28,10:33:25,117,N. Yusupova,265003,yo'q
JAR-01026,2026-07-18,Qabul qilish,08:01:08,08:04:23,195,D. Ismoilova,484532,yo'q
JAR-01027,2026-07-18,Tekshirish,08:05:42,08:10:10,268,D. Ismoilova,800629,yo'q
JAR-01028,2026-07-18,Qayta ishlash,08:12:16,08:23:33,677,D. Ismoilova,1871645,ha
JAR-01029,2026-07-18,Tasdiqlash,08:25:02,08:28:40,218,A. Karimov,833358,yo'q
JAR-01030,2026-07-18,Eksport,08:30:42,08:32:14,92,S. Rahmonov,261650,yo'q
JAR-01031,2026-07-18,Qabul qilish,08:30:24,08:33:46,202,A. Karimov,524510,yo'q
JAR-01032,2026-07-18,Tekshirish,08:36:05,08:40:33,268,S. Rahmonov,723244,yo'q
JAR-01033,2026-07-18,Qayta ishlash,08:42:53,08:53:51,658,D. Ismoilova,2093274,yo'q
JAR-01034,2026-07-18,Tasdiqlash,08:56:09,08:59:54,225,S. Rahmonov,819842,yo'q
JAR-01035,2026-07-18,Eksport,09:01:55,09:03:31,96,A. Karimov,294542,yo'q
JAR-01036,2026-07-18,Qabul qilish,09:00:06,09:03:47,221,D. Ismoilova,561952,yo'q
JAR-01037,2026-07-18,Tekshirish,09:05:59,09:10:39,280,N. Yusupova,907624,yo'q
JAR-01038,2026-07-18,Qayta ishlash,09:11:39,09:22:44,665,D. Ismoilova,2685961,yo'q
JAR-01039,2026-07-18,Tasdiqlash,09:24:12,09:28:39,267,S. Rahmonov,680228,yo'q
JAR-01040,2026-07-18,Eksport,09:30:30,09:31:55,85,N. Yusupova,270678,yo'q
JAR-01041,2026-07-18,Qabul qilish,09:30:47,09:34:26,219,S. Rahmonov,550301,yo'q
JAR-01042,2026-07-18,Tekshirish,09:36:38,09:41:07,269,N. Yusupova,905690,yo'q
JAR-01043,2026-07-18,Qayta ishlash,09:43:03,09:56:06,783,D. Ismoilova,2007910,yo'q
JAR-01044,2026-07-18,Tasdiqlash,09:57:16,10:00:15,179,S. Rahmonov,621337,yo'q
JAR-01045,2026-07-18,Eksport,10:02:37,10:04:36,119,S. Rahmonov,282018,yo'q
JAR-01046,2026-07-18,Qabul qilish,10:03:14,10:06:58,224,S. Rahmonov,482895,yo'q
JAR-01047,2026-07-18,Tekshirish,10:08:08,10:12:42,274,A. Karimov,1050368,yo'q
JAR-01048,2026-07-18,Qayta ishlash,10:14:27,10:26:06,699,N. Yusupova,2197962,yo'q
JAR-01049,2026-07-18,Tasdiqlash,10:27:39,10:31:10,211,B. To'xtayev,884524,yo'q
JAR-01050,2026-07-18,Eksport,10:32:29,10:34:00,91,S. Rahmonov,276561,yo'q
JAR-01051,2026-07-20,Qabul qilish,08:03:45,08:07:30,225,A. Karimov,530121,yo'q
JAR-01052,2026-07-20,Tekshirish,08:09:41,08:15:17,336,S. Rahmonov,927451,yo'q
JAR-01053,2026-07-20,Qayta ishlash,08:17:14,08:27:04,590,B. To'xtayev,2146678,yo'q
JAR-01054,2026-07-20,Tasdiqlash,08:28:04,08:32:04,240,D. Ismoilova,792850,yo'q
JAR-01055,2026-07-20,Eksport,08:33:34,08:35:08,94,S. Rahmonov,288480,yo'q
JAR-01056,2026-07-20,Qabul qilish,08:31:42,08:34:27,165,N. Yusupova,548257,yo'q
JAR-01057,2026-07-20,Tekshirish,08:36:17,08:41:21,304,N. Yusupova,949096,yo'q
JAR-01058,2026-07-20,Qayta ishlash,08:42:27,08:53:20,653,A. Karimov,1999182,yo'q
JAR-01059,2026-07-20,Tasdiqlash,08:55:04,08:58:05,181,B. To'xtayev,691011,yo'q
JAR-01060,2026-07-20,Eksport,09:00:07,09:01:52,105,D. Ismoilova,248842,yo'q
JAR-01061,2026-07-20,Qabul qilish,09:01:25,09:04:35,190,N. Yusupova,550706,yo'q
JAR-01062,2026-07-20,Tekshirish,09:05:43,09:11:30,347,A. Karimov,879653,yo'q
JAR-01063,2026-07-20,Qayta ishlash,09:13:40,09:25:28,708,D. Ismoilova,1810663,yo'q
JAR-01064,2026-07-20,Tasdiqlash,09:27:28,09:32:04,276,D. Ismoilova,800762,yo'q
JAR-01065,2026-07-20,Eksport,09:34:13,09:35:44,91,A. Karimov,303054,yo'q
JAR-01066,2026-07-20,Qabul qilish,09:30:39,09:33:35,176,N. Yusupova,523672,yo'q
JAR-01067,2026-07-20,Tekshirish,09:34:44,09:39:40,,S. Rahmonov,1073689,yo'q
JAR-01068,2026-07-20,Qayta ishlash,09:40:53,09:51:34,641,B. To'xtayev,2248280,yo'q
JAR-01069,2026-07-20,Tasdiqlash,09:52:43,09:56:08,205,N. Yusupova,659891,yo'q
JAR-01070,2026-07-20,Eksport,09:57:18,09:58:43,85,B. To'xtayev,334363,yo'q
JAR-01071,2026-07-20,Qabul qilish,10:00:47,10:04:25,218,S. Rahmonov,517896,yo'q
JAR-01072,2026-07-20,Tekshirish,10:06:36,10:11:01,265,D. Ismoilova,846855,yo'q
JAR-01073,2026-07-20,Qayta ishlash,10:12:01,10:22:43,642,B. To'xtayev,2105673,yo'q
JAR-01074,2026-07-20,Tasdiqlash,10:25:07,10:28:31,204,S. Rahmonov,734513,yo'q
JAR-01075,2026-07-20,Eksport,10:29:35,10:31:22,107,B. To'xtayev,233333,yo'q
JAR-01076,2026-07-21,Qabul qilish,08:02:58,08:06:20,202,B. To'xtayev,454967,yo'q
JAR-01077,2026-07-21,Tekshirish,08:07:44,08:13:40,356,D. Ismoilova,939201,yo'q
JAR-01078,2026-07-21,Qayta ishlash,08:15:36,08:26:38,662,N. Yusupova,1487317,yo'q
JAR-01079,2026-07-21,Tasdiqlash,08:28:16,08:31:56,220,A. Karimov,863084,yo'q
JAR-01080,2026-07-21,Eksport,08:32:59,08:34:21,82,D. Ismoilova,262365,yo'q
JAR-01081,2026-07-21,Qabul qilish,08:33:06,08:37:11,245,B. To'xtayev,470789,yo'q
JAR-01082,2026-07-21,Tekshirish,08:38:43,08:43:25,282,B. To'xtayev,803455,yo'q
JAR-01083,2026-07-21,Qayta ishlash,08:44:39,08:56:52,733,A. Karimov,1830614,yo'q
JAR-01084,2026-07-21,Tasdiqlash,08:59:17,09:02:57,220,B. To'xtayev,650915,yo'q
JAR-01085,2026-07-21,Eksport,09:04:56,09:06:40,104,N. Yusupova,287089,yo'q
JAR-01086,2026-07-21,Qabul qilish,09:00:38,09:03:35,177,A. Karimov,533876,yo'q
JAR-01087,2026-07-21,Tekshirish,09:05:12,09:09:17,245,N. Yusupova,930311,yo'q
JAR-01088,2026-07-21,Qayta ishlash,09:11:36,09:21:48,612,D. Ismoilova,1969172,ha
JAR-01089,2026-07-21,Tasdiqlash,09:22:54,09:26:47,233,D. Ismoilova,5780872.12,yo'q
JAR-01090,2026-07-21,Eksport,09:28:54,09:30:30,96,A. Karimov,249029,yo'q
JAR-01091,2026-07-21,Qabul qilish,09:33:17,09:36:55,218,A. Karimov,536073,yo'q
JAR-01092,2026-07-21,Tekshirish,09:39:05,09:43:32,267,B. To'xtayev,1079310,yo'q
JAR-01093,2026-07-21,Qayta ishlash,09:44:35,09:54:56,621,A. Karimov,1987646,ha
JAR-01094,2026-07-21,Tasdiqlash,09:56:26,10:00:18,232,S. Rahmonov,,yo'q
JAR-01095,2026-07-21,Eksport,10:01:42,10:03:28,106,D. Ismoilova,285921,yo'q
JAR-01096,2026-07-21,Qabul qilish,10:01:44,10:05:42,238,N. Yusupova,583418,yo'q
JAR-01097,2026-07-21,Tekshirish,10:07:31,10:13:07,336,S. Rahmonov,733702,yo'q
JAR-01098,2026-07-21,Qayta ishlash,10:14:30,10:26:51,741,A. Karimov,2301833,yo'q
JAR-01099,2026-07-21,Tasdiqlash,10:28:00,10:32:06,246,N. Yusupova,794730,yo'q
JAR-01100,2026-07-21,Eksport,10:33:37,10:35:29,112,A. Karimov,279280,yo'q
JAR-01101,2026-07-22,Qabul qilish,08:02:42,08:06:07,205,D. Ismoilova,584367,yo'q
JAR-01102,2026-07-22,Tekshirish,08:07:09,08:12:07,298,D. Ismoilova,895468,yo'q
JAR-01103,2026-07-22,Qayta ishlash,08:13:53,08:26:17,744,D. Ismoilova,2094339,yo'q
JAR-01104,2026-07-22,Tasdiqlash,08:27:56,08:32:49,293,B. To'xtayev,813841,yo'q
JAR-01105,2026-07-22,Eksport,08:34:03,08:35:58,115,N. Yusupova,303865,yo'q
JAR-01106,2026-07-22,Qabul qilish,08:30:24,08:33:39,195,B. To'xtayev,529975,yo'q
JAR-01107,2026-07-22,Tekshirish,08:35:04,08:39:43,279,N. Yusupova,N/A,yo'q
JAR-01108,2026-07-22,Qayta ishlash,08:41:25,08:50:55,570,D. Ismoilova,2077625,yo'q
JAR-01109,2026-07-22,Tasdiqlash,08:52:13,08:55:21,188,N. Yusupova,691518,yo'q
JAR-01110,2026-07-22,Eksport,08:57:39,08:59:22,103,D. Ismoilova,283328,yo'q
JAR-01111,2026-07-22,Qabul qilish,09:01:44,09:04:32,168,N. Yusupova,523365,yo'q
JAR-01112,2026-07-22,Tekshirish,09:06:15,09:10:12,237,N. Yusupova,834162,yo'q
JAR-01113,2026-07-22,Qayta ishlash,09:11:29,09:21:34,605,A. Karimov,2129369,yo'q
JAR-01114,2026-07-22,Tasdiqlash,09:23:19,09:26:38,199,S. Rahmonov,824174,yo'q
JAR-01115,2026-07-22,Eksport,09:27:41,09:29:25,104,N. Yusupova,342165,yo'q
JAR-01116,2026-07-22,Qabul qilish,09:31:23,09:35:13,230,S. Rahmonov,467560,yo'q
JAR-01117,2026-07-22,Tekshirish,09:37:13,09:42:20,307,S. Rahmonov,841883,yo'q
JAR-01118,2026-07-22,Qayta ishlash,09:43:24,09:53:41,617,A. Karimov,1885207,yo'q
JAR-01119,2026-07-22,Tasdiqlash,09:55:28,09:59:26,238,A. Karimov,804129,yo'q
JAR-01120,2026-07-22,Eksport,10:00:27,10:02:18,111,D. Ismoilova,275144,yo'q
JAR-01121,2026-07-22,Qabul qilish,10:01:39,10:05:02,203,S. Rahmonov,468791,yo'q
JAR-01122,2026-07-22,Tekshirish,10:07:20,10:12:55,335,S. Rahmonov,929332,yo'q
JAR-01123,2026-07-22,Qayta ishlash,10:14:27,10:28:21,834,N. Yusupova,2375032,yo'q
JAR-01124,2026-07-22,Tasdiqlash,10:30:39,10:35:24,285,B. To'xtayev,840837,yo'q
JAR-01125,2026-07-22,Eksport,10:36:40,10:38:22,102,N. Yusupova,253934,yo'q
JAR-01126,2026-07-23,Qabul qilish,08:03:53,08:07:23,210,S. Rahmonov,576738,yo'q
JAR-01127,2026-07-23,Tekshirish,08:09:39,08:15:10,331,B. To'xtayev,780235,yo'q
JAR-01128,2026-07-23,Qayta ishlash,08:17:21,08:29:52,,N. Yusupova,2133557,yo'q
JAR-01129,2026-07-23,Tasdiqlash,08:31:56,08:35:54,238,N. Yusupova,723077,yo'q
JAR-01130,2026-07-23,Eksport,08:37:38,08:39:06,88,N. Yusupova,312766,yo'q
JAR-01131,2026-07-23,Qabul qilish,08:31:55,08:35:35,220,D. Ismoilova,562981,yo'q
JAR-01132,2026-07-23,Tekshirish,08:37:35,08:41:27,232,D. Ismoilova,926185,yo'q
JAR-01133,2026-07-23,Qayta ishlash,08:42:56,08:54:14,678,D. Ismoilova,1902871,yo'q
JAR-01134,2026-07-23,Tasdiqlash,08:56:28,09:00:21,233,A. Karimov,796106,yo'q
JAR-01135,2026-07-23,Eksport,09:01:52,09:03:37,105,A. Karimov,300387,yo'q
JAR-01136,2026-07-23,Qabul qilish,09:00:35,09:03:43,188,A. Karimov,503377,yo'q
JAR-01137,2026-07-23,Tekshirish,09:04:57,09:10:43,346,A. Karimov,883906,yo'q
JAR-01138,2026-07-23,Qayta ishlash,09:12:32,09:22:17,585,A. Karimov,2208231,yo'q
JAR-01139,2026-07-23,Tasdiqlash,09:23:50,09:27:09,199,S. Rahmonov,690754,yo'q
JAR-01140,2026-07-23,Eksport,09:29:21,09:30:54,93,D. Ismoilova,269073,yo'q
JAR-01141,2026-07-23,Qabul qilish,09:33:50,09:37:36,226,S. Rahmonov,537900,yo'q
JAR-01142,2026-07-23,Tekshirish,09:39:46,09:43:44,2161.1,A. Karimov,973336,yo'q
JAR-01143,2026-07-23,Qayta ishlash,09:45:31,09:57:13,702,S. Rahmonov,2116115,yo'q
JAR-01144,2026-07-23,Tasdiqlash,09:58:17,10:01:58,221,D. Ismoilova,716433,yo'q
JAR-01145,2026-07-23,Eksport,10:03:08,10:04:39,91,S. Rahmonov,315379,yo'q
JAR-01146,2026-07-23,Qabul qilish,10:02:34,10:06:14,220,S. Rahmonov,418113,yo'q
JAR-01147,2026-07-23,Tekshirish,10:08:32,10:13:56,324,N. Yusupova,936745,yo'q
JAR-01148,2026-07-23,Qayta ishlash,10:15:00,10:26:57,717,N. Yusupova,1682939,yo'q
JAR-01149,2026-07-23,Tasdiqlash,10:28:23,10:31:25,182,D. Ismoilova,753324,yo'q
JAR-01150,2026-07-23,Eksport,10:33:35,10:35:25,110,B. To'xtayev,340302,ha
JAR-01151,2026-07-24,Qabul qilish,08:01:24,08:04:04,160,S. Rahmonov,522432,yo'q
JAR-01152,2026-07-24,Tekshirish,08:06:22,08:11:10,288,D. Ismoilova,1061596,yo'q
JAR-01153,2026-07-24,Qayta ishlash,08:13:36,08:25:38,722,S. Rahmonov,2110318,yo'q
JAR-01154,2026-07-24,Tasdiqlash,08:27:23,08:32:11,288,N. Yusupova,772577,yo'q
JAR-01155,2026-07-24,Eksport,08:34:06,08:35:21,75,A. Karimov,298628,yo'q
JAR-01156,2026-07-24,Qabul qilish,08:31:52,08:34:41,169,N. Yusupova,455551,yo'q
JAR-01157,2026-07-24,Tekshirish,08:37:08,08:42:22,314,D. Ismoilova,978979,yo'q
JAR-01158,2026-07-24,Qayta ishlash,08:43:56,08:55:45,709,A. Karimov,2286205,yo'q
JAR-01159,2026-07-24,Tasdiqlash,08:57:53,09:02:05,252,S. Rahmonov,688339,yo'q
JAR-01160,2026-07-24,Eksport,09:03:24,09:05:05,101,S. Rahmonov,277506,yo'q
JAR-01161,2026-07-24,Qabul qilish,09:02:49,09:06:12,203,A. Karimov,559856,yo'q
JAR-01162,2026-07-24,Tekshirish,09:07:36,09:12:38,302,N. Yusupova,930259,yo'q
JAR-01163,2026-07-24,Qayta ishlash,09:14:01,09:24:04,603,D. Ismoilova,2043461,yo'q
JAR-01164,2026-07-24,Tasdiqlash,09:26:23,09:29:49,206,S. Rahmonov,628827,yo'q
JAR-01165,2026-07-24,Eksport,09:31:01,09:32:50,109,D. Ismoilova,275327,yo'q
JAR-01166,2026-07-24,Qabul qilish,09:32:23,09:35:27,184,D. Ismoilova,574058,yo'q
JAR-01167,2026-07-24,Tekshirish,09:37:03,09:41:52,289,N. Yusupova,1026521,yo'q
JAR-01168,2026-07-24,Qayta ishlash,09:43:12,09:53:02,590,N. Yusupova,1935302,yo'q
JAR-01169,2026-07-24,Tasdiqlash,09:54:03,09:57:41,218,B. To'xtayev,636681,yo'q
JAR-01170,2026-07-24,Eksport,09:59:10,10:00:47,97,N. Yusupova,318053,yo'q
JAR-01171,2026-07-24,Qabul qilish,10:02:53,10:06:43,230,B. To'xtayev,527626,yo'q
JAR-01172,2026-07-24,Tekshirish,10:07:43,10:13:52,369,N. Yusupova,952109,yo'q
JAR-01173,2026-07-24,Qayta ishlash,10:15:18,10:27:28,730,B. To'xtayev,1960107,yo'q
JAR-01174,2026-07-24,Tasdiqlash,10:28:43,10:32:01,198,B. To'xtayev,687105,yo'q
JAR-01175,2026-07-24,Eksport,10:33:48,10:35:28,100,B. To'xtayev,249076,yo'q
JAR-01176,2026-07-25,Qabul qilish,08:01:48,08:04:54,186,A. Karimov,532198,yo'q
JAR-01177,2026-07-25,Tekshirish,08:06:27,08:11:44,317,A. Karimov,871701,yo'q
JAR-01178,2026-07-25,Qayta ishlash,08:13:48,08:25:43,715,N. Yusupova,1796259,yo'q
JAR-01179,2026-07-25,Tasdiqlash,08:27:28,08:30:46,198,A. Karimov,843512,ha
JAR-01180,2026-07-25,Eksport,08:32:53,08:34:06,73,A. Karimov,288166,yo'q
JAR-01181,2026-07-25,Qabul qilish,08:31:16,08:33:39,143,B. To'xtayev,460382,yo'q
JAR-01182,2026-07-25,Tekshirish,08:35:10,08:39:23,253,S. Rahmonov,989910,yo'q
JAR-01183,2026-07-25,Qayta ishlash,08:41:40,08:51:25,585,N. Yusupova,2510738,yo'q
JAR-01184,2026-07-25,Tasdiqlash,08:53:02,08:56:54,232,S. Rahmonov,588353,yo'q
JAR-01185,2026-07-25,Eksport,08:58:17,08:59:57,100,D. Ismoilova,319942,yo'q
JAR-01186,2026-07-25,Qabul qilish,09:00:07,09:03:23,196,N. Yusupova,508724,yo'q
JAR-01187,2026-07-25,Tekshirish,09:05:18,09:10:52,334,A. Karimov,883149,yo'q
JAR-01188,2026-07-25,Qayta ishlash,09:12:45,09:23:47,662,D. Ismoilova,2061057,yo'q
JAR-01189,2026-07-25,Tasdiqlash,09:24:54,09:28:52,238,A. Karimov,683262,yo'q
JAR-01190,2026-07-25,Eksport,09:31:17,09:33:03,106,S. Rahmonov,309793,ha
JAR-01191,2026-07-25,Qabul qilish,09:32:23,09:35:03,160,N. Yusupova,577870,yo'q
JAR-01192,2026-07-25,Tekshirish,09:36:54,09:42:26,332,D. Ismoilova,826093,yo'q
JAR-01193,2026-07-25,Qayta ishlash,09:44:36,09:56:24,708,A. Karimov,1813486,yo'q
JAR-01194,2026-07-25,Tasdiqlash,09:58:39,10:02:26,227,D. Ismoilova,789837,yo'q
JAR-01195,2026-07-25,Eksport,10:04:10,10:06:08,118,N. Yusupova,287146,yo'q
JAR-01196,2026-07-25,Qabul qilish,10:00:35,10:04:05,210,A. Karimov,432631,yo'q
JAR-01197,2026-07-25,Tekshirish,10:06:19,10:11:31,312,D. Ismoilova,900949,yo'q
JAR-01198,2026-07-25,Qayta ishlash,10:13:54,10:27:10,796,B. To'xtayev,2100562,yo'q
JAR-01199,2026-07-25,Tasdiqlash,10:29:28,10:34:00,272,A. Karimov,707140,yo'q
JAR-01200,2026-07-25,Eksport,10:35:54,10:36:55,61,B. To'xtayev,282049,yo'q
JAR-01201,2026-07-27,Qabul qilish,08:01:12,08:04:12,180,S. Rahmonov,508217,yo'q
JAR-01202,2026-07-27,Tekshirish,08:05:35,08:10:12,277,S. Rahmonov,1070305,yo'q
JAR-01203,2026-07-27,Qayta ishlash,08:12:29,08:22:20,591,B. To'xtayev,2120726,yo'q
JAR-01204,2026-07-27,Tasdiqlash,08:24:27,08:27:32,185,D. Ismoilova,628990,yo'q
JAR-01205,2026-07-27,Eksport,08:28:49,08:30:40,111,S. Rahmonov,337058,yo'q
JAR-01206,2026-07-27,Qabul qilish,08:32:49,08:36:59,250,A. Karimov,485777,yo'q
JAR-01207,2026-07-27,Tekshirish,08:39:14,08:45:43,389,S. Rahmonov,829802,yo'q
JAR-01208,2026-07-27,Qayta ishlash,08:47:46,08:58:25,639,N. Yusupova,1849031,yo'q
JAR-01209,2026-07-27,Tasdiqlash,08:59:36,09:03:23,227,B. To'xtayev,749310,yo'q
JAR-01210,2026-07-27,Eksport,09:04:49,09:06:30,101,B. To'xtayev,270781,yo'q
JAR-01211,2026-07-27,Qabul qilish,09:00:52,09:04:22,210,N. Yusupova,526278,yo'q
JAR-01212,2026-07-27,Tekshirish,09:06:14,09:11:40,326,B. To'xtayev,853007,yo'q
JAR-01213,2026-07-27,Qayta ishlash,09:13:49,09:24:06,617,S. Rahmonov,2099347,yo'q
JAR-01214,2026-07-27,Tasdiqlash,09:26:04,09:30:50,286,B. To'xtayev,669620,yo'q
JAR-01215,2026-07-27,Eksport,09:33:09,09:35:01,112,N. Yusupova,294548,yo'q
JAR-01216,2026-07-27,Qabul qilish,09:31:03,09:34:33,210,S. Rahmonov,538558,yo'q
JAR-01217,2026-07-27,Tekshirish,09:35:39,09:41:30,351,A. Karimov,844001,yo'q
JAR-01218,2026-07-27,Qayta ishlash,09:43:42,09:55:19,697,S. Rahmonov,1723475,yo'q
JAR-01219,2026-07-27,Tasdiqlash,09:57:24,10:01:45,261,B. To'xtayev,909273,yo'q
JAR-01220,2026-07-27,Eksport,10:03:15,10:05:03,108,N. Yusupova,287671,yo'q
JAR-01221,2026-07-27,Qabul qilish,10:03:15,10:07:15,240,D. Ismoilova,489978,yo'q
JAR-01222,2026-07-27,Tekshirish,10:08:23,10:13:42,319,A. Karimov,1000564,yo'q
JAR-01223,2026-07-27,Qayta ishlash,10:15:26,10:24:54,568,D. Ismoilova,2117050,yo'q
JAR-01224,2026-07-27,Tasdiqlash,10:26:54,10:30:47,233,S. Rahmonov,800207,yo'q
JAR-01225,2026-07-27,Eksport,10:31:49,10:33:25,96,N. Yusupova,307459,yo'q
JAR-01226,2026-07-28,Qabul qilish,08:02:53,08:06:02,189,A. Karimov,552349,yo'q
JAR-01227,2026-07-28,Tekshirish,08:08:16,08:13:42,326,N. Yusupova,944142,yo'q
JAR-01228,2026-07-28,Qayta ishlash,08:15:17,08:26:34,677,S. Rahmonov,2135542,yo'q
JAR-01229,2026-07-28,Tasdiqlash,08:27:38,08:31:43,245,N. Yusupova,760905,yo'q
JAR-01230,2026-07-28,Eksport,08:32:52,08:34:34,102,A. Karimov,221067,yo'q
JAR-01231,2026-07-28,Qabul qilish,08:31:31,08:34:41,190,D. Ismoilova,452203,yo'q
JAR-01232,2026-07-28,Tekshirish,08:36:38,08:41:08,270,S. Rahmonov,852067,yo'q
JAR-01233,2026-07-28,Qayta ishlash,08:42:51,08:51:44,533,N. Yusupova,1674970,yo'q
JAR-01234,2026-07-28,Tasdiqlash,08:53:23,08:56:23,180,S. Rahmonov,692372,yo'q
JAR-01235,2026-07-28,Eksport,08:58:51,09:00:42,111,A. Karimov,274862,yo'q
JAR-01236,2026-07-28,Qabul qilish,09:02:00,09:05:40,220,D. Ismoilova,477802,yo'q
JAR-01237,2026-07-28,Tekshirish,09:07:10,09:12:55,345,B. To'xtayev,1084098,yo'q
JAR-01238,2026-07-28,Qayta ishlash,09:15:14,09:27:16,722,D. Ismoilova,2033402,yo'q
JAR-01239,2026-07-28,Tasdiqlash,09:29:32,09:33:58,266,A. Karimov,806821,yo'q
JAR-01240,2026-07-28,Eksport,09:35:50,09:37:55,125,S. Rahmonov,310157,yo'q
JAR-01241,2026-07-28,Qabul qilish,09:32:18,09:35:48,210,S. Rahmonov,474587,yo'q
JAR-01242,2026-07-28,Tekshirish,09:37:12,09:41:51,279,D. Ismoilova,913794,yo'q
JAR-01243,2026-07-28,Qayta ishlash,09:43:17,09:54:42,685,N. Yusupova,1676275,yo'q
JAR-01244,2026-07-28,Tasdiqlash,09:55:47,10:00:12,265,D. Ismoilova,824987,yo'q
JAR-01245,2026-07-28,Eksport,10:02:18,10:04:03,105,B. To'xtayev,298819,yo'q
JAR-01246,2026-07-28,Qabul qilish,10:02:17,10:05:25,188,B. To'xtayev,579574,yo'q
JAR-01247,2026-07-28,Tekshirish,10:07:04,10:11:41,277,D. Ismoilova,893257,yo'q
JAR-01248,2026-07-28,Qayta ishlash,10:13:34,10:25:13,699,N. Yusupova,2473079,yo'q
JAR-01249,2026-07-28,Tasdiqlash,10:27:24,10:31:29,245,S. Rahmonov,807693,yo'q
JAR-01250,2026-07-28,Eksport,10:33:26,10:35:20,114,D. Ismoilova,314970,yo'q
JAR-01251,2026-07-29,Qabul qilish,08:02:53,08:05:49,176,D. Ismoilova,456159,yo'q
JAR-01252,2026-07-29,Tekshirish,08:07:10,08:12:53,343,D. Ismoilova,832809,yo'q
JAR-01253,2026-07-29,Qayta ishlash,08:14:42,08:23:14,512,B. To'xtayev,1909797,yo'q
JAR-01254,2026-07-29,Tasdiqlash,08:25:03,08:28:44,221,B. To'xtayev,749884,ha
JAR-01255,2026-07-29,Eksport,08:30:47,08:32:16,89,B. To'xtayev,298186,yo'q
JAR-01256,2026-07-29,Qabul qilish,08:32:57,08:35:44,167,D. Ismoilova,565505,yo'q
JAR-01257,2026-07-29,Tekshirish,08:37:56,08:42:36,280,B. To'xtayev,970247,yo'q
JAR-01258,2026-07-29,Qayta ishlash,08:44:40,08:55:09,629,D. Ismoilova,1948794,yo'q
JAR-01259,2026-07-29,Tasdiqlash,08:57:20,09:01:00,220,N. Yusupova,739022,yo'q
JAR-01260,2026-07-29,Eksport,09:02:36,09:03:53,77,D. Ismoilova,323747,yo'q
JAR-01261,2026-07-29,Qabul qilish,09:01:45,09:04:12,147,S. Rahmonov,551499,yo'q
JAR-01262,2026-07-29,Tekshirish,09:05:27,09:09:35,248,N. Yusupova,823086,yo'q
JAR-01263,2026-07-29,Qayta ishlash,09:11:22,09:21:17,595,B. To'xtayev,1766165,ha
JAR-01264,2026-07-29,Tasdiqlash,09:23:12,09:26:48,216,N. Yusupova,862613,yo'q
JAR-01265,2026-07-29,Eksport,09:28:34,09:30:20,106,B. To'xtayev,276871,yo'q
JAR-01266,2026-07-29,Qabul qilish,09:32:14,09:36:17,243,D. Ismoilova,375058,yo'q
JAR-01267,2026-07-29,Tekshirish,09:38:40,09:43:19,279,B. To'xtayev,,yo'q
JAR-01268,2026-07-29,Qayta ishlash,09:44:39,09:54:43,604,N. Yusupova,2244784,ha
JAR-01269,2026-07-29,Tasdiqlash,09:55:50,09:59:51,241,A. Karimov,582563,yo'q
JAR-01270,2026-07-29,Eksport,10:01:51,10:03:22,91,D. Ismoilova,310893,yo'q
JAR-01271,2026-07-29,Qabul qilish,10:02:07,10:05:46,219,S. Rahmonov,548586,yo'q
JAR-01272,2026-07-29,Tekshirish,10:07:22,10:12:17,295,N. Yusupova,1022219,yo'q
JAR-01273,2026-07-29,Qayta ishlash,10:14:38,10:27:23,765,D. Ismoilova,1673871,yo'q
JAR-01274,2026-07-29,Tasdiqlash,10:29:48,10:33:26,218,D. Ismoilova,848310,yo'q
JAR-01275,2026-07-29,Eksport,10:35:55,10:37:25,90,N. Yusupova,258824,yo'q
JAR-01276,2026-07-30,Qabul qilish,08:00:49,08:03:58,189,N. Yusupova,519148,yo'q
JAR-01277,2026-07-30,Tekshirish,08:05:36,08:11:32,356,S. Rahmonov,1037254,yo'q
JAR-01278,2026-07-30,Qayta ishlash,08:12:57,08:25:16,,N. Yusupova,2134062,yo'q
JAR-01279,2026-07-30,Tasdiqlash,08:26:21,08:30:07,226,B. To'xtayev,729098,yo'q
JAR-01280,2026-07-30,Eksport,08:31:56,08:33:54,118,D. Ismoilova,355230,yo'q
JAR-01281,2026-07-30,Qabul qilish,08:31:00,08:34:01,181,S. Rahmonov,533929,yo'q
JAR-01282,2026-07-30,Tekshirish,08:35:31,08:40:47,316,N. Yusupova,955353,yo'q
JAR-01283,2026-07-30,Qayta ishlash,08:42:23,08:51:49,566,S. Rahmonov,2046973,yo'q
JAR-01284,2026-07-30,Tasdiqlash,08:54:01,08:57:18,197,N. Yusupova,765674,yo'q
JAR-01285,2026-07-30,Eksport,08:59:42,09:01:22,100,S. Rahmonov,273489,yo'q
JAR-01286,2026-07-30,Qabul qilish,09:02:26,09:06:07,221,A. Karimov,606425,yo'q
JAR-01287,2026-07-30,Tekshirish,09:08:35,09:14:08,333,N. Yusupova,857458,yo'q
JAR-01288,2026-07-30,Qayta ishlash,09:15:50,09:25:56,606,A. Karimov,N/A,yo'q
JAR-01289,2026-07-30,Tasdiqlash,09:27:05,09:31:46,,A. Karimov,666046,yo'q
JAR-01290,2026-07-30,Eksport,09:33:54,09:35:33,99,B. To'xtayev,310714,yo'q
JAR-01291,2026-07-30,Qabul qilish,09:32:52,09:35:58,186,B. To'xtayev,403937,yo'q
JAR-01292,2026-07-30,Tekshirish,09:38:21,09:42:43,262,B. To'xtayev,848186,yo'q
JAR-01293,2026-07-30,Qayta ishlash,09:43:46,09:54:07,621,B. To'xtayev,1997242,yo'q
JAR-01294,2026-07-30,Tasdiqlash,09:55:26,09:59:00,214,B. To'xtayev,793002,yo'q
JAR-01179,2026-07-25,Tasdiqlash,08:27:28,08:30:46,198,A. Karimov,843512,ha
JAR-01295,2026-07-30,Eksport,10:00:48,10:02:50,122,B. To'xtayev,248384,yo'q
JAR-01296,2026-07-30,Qabul qilish,10:03:57,10:07:33,216,N. Yusupova,556187,yo'q
JAR-01297,2026-07-30,Tekshirish,10:08:50,10:13:43,293,N. Yusupova,900687,yo'q
JAR-01298,2026-07-30,Qayta ishlash,10:14:46,10:26:50,724,D. Ismoilova,1879632,yo'q
JAR-01299,2026-07-30,Tasdiqlash,10:28:42,10:32:30,228,S. Rahmonov,875048,yo'q
JAR-01300,2026-07-30,Eksport,10:34:12,10:35:45,93,D. Ismoilova,282571,yo'q
JAR-01301,2026-07-31,Qabul qilish,08:03:18,08:06:12,174,N. Yusupova,623703,yo'q
JAR-01302,2026-07-31,Tekshirish,08:07:14,08:12:02,288,A. Karimov,889103,yo'q
JAR-01303,2026-07-31,Qayta ishlash,08:13:53,08:24:35,642,A. Karimov,1779016,yo'q
JAR-01304,2026-07-31,Tasdiqlash,08:26:38,08:30:18,220,N. Yusupova,790425,yo'q
JAR-01305,2026-07-31,Eksport,08:31:35,08:33:42,127,D. Ismoilova,299160,yo'q
JAR-01306,2026-07-31,Qabul qilish,08:33:01,08:35:59,178,N. Yusupova,589778,yo'q
JAR-01307,2026-07-31,Tekshirish,08:37:53,08:43:22,329,S. Rahmonov,1050902,yo'q
JAR-01308,2026-07-31,Qayta ishlash,08:44:29,08:53:19,530,N. Yusupova,2143360,yo'q
JAR-01309,2026-07-31,Tasdiqlash,08:54:53,08:59:08,255,S. Rahmonov,623524,yo'q
JAR-01310,2026-07-31,Eksport,09:01:22,09:03:05,103,S. Rahmonov,279557,yo'q
JAR-01311,2026-07-31,Qabul qilish,09:03:08,09:05:54,166,D. Ismoilova,582534,yo'q
JAR-01312,2026-07-31,Tekshirish,09:07:35,09:12:53,318,N. Yusupova,944248,yo'q
JAR-01313,2026-07-31,Qayta ishlash,09:14:35,09:26:12,697,A. Karimov,1851942,yo'q
JAR-01314,2026-07-31,Tasdiqlash,09:28:23,09:32:23,240,D. Ismoilova,654087,yo'q
JAR-01315,2026-07-31,Eksport,09:34:38,09:36:35,117,N. Yusupova,249468,yo'q
JAR-01316,2026-07-31,Qabul qilish,09:32:38,09:36:13,215,N. Yusupova,492008,yo'q
JAR-01317,2026-07-31,Tekshirish,09:38:05,09:42:30,265,S. Rahmonov,879743,yo'q
JAR-01318,2026-07-31,Qayta ishlash,09:44:15,09:55:27,672,S. Rahmonov,2073191,yo'q
JAR-01319,2026-07-31,Tasdiqlash,09:57:14,10:00:18,184,N. Yusupova,867505,yo'q
JAR-01320,2026-07-31,Eksport,10:01:32,10:03:26,114,S. Rahmonov,282394,yo'q
JAR-01321,2026-07-31,Qabul qilish,10:01:34,10:04:49,195,D. Ismoilova,603142,yo'q
JAR-01322,2026-07-31,Tekshirish,10:06:29,10:11:51,322,N. Yusupova,818442,yo'q
JAR-01323,2026-07-31,Qayta ishlash,10:13:00,10:23:18,618,N. Yusupova,1745534,yo'q
JAR-01324,2026-07-31,Tasdiqlash,10:24:24,10:28:50,266,B. To'xtayev,649657,yo'q
JAR-01325,2026-07-31,Eksport,10:30:35,10:32:20,105,S. Rahmonov,286695,yo'q
JAR-01326,2026-08-01,Qabul qilish,08:01:22,08:04:35,193,N. Yusupova,555009,yo'q
JAR-01327,2026-08-01,Tekshirish,08:06:08,08:11:25,317,A. Karimov,981224,yo'q
JAR-01328,2026-08-01,Qayta ishlash,08:12:55,08:23:33,638,N. Yusupova,2303233,yo'q
JAR-01329,2026-08-01,Tasdiqlash,08:25:25,08:29:16,231,D. Ismoilova,832709,yo'q
JAR-01330,2026-08-01,Eksport,08:31:42,08:33:15,93,B. To'xtayev,291791,yo'q
JAR-01331,2026-08-01,Qabul qilish,08:31:00,08:34:05,185,B. To'xtayev,470672,yo'q
JAR-01332,2026-08-01,Tekshirish,08:35:08,08:40:38,330,B. To'xtayev,768435,yo'q
JAR-01333,2026-08-01,Qayta ishlash,08:42:35,08:53:42,667,D. Ismoilova,2217490,yo'q
JAR-01334,2026-08-01,Tasdiqlash,08:55:54,08:58:47,173,D. Ismoilova,632328,yo'q
JAR-01335,2026-08-01,Eksport,09:00:22,09:02:17,115,N. Yusupova,284206,yo'q
JAR-01336,2026-08-01,Qabul qilish,09:00:10,09:03:36,206,D. Ismoilova,542894,yo'q
JAR-01337,2026-08-01,Tekshirish,09:05:50,09:11:01,311,A. Karimov,879036,yo'q
JAR-01338,2026-08-01,Qayta ishlash,09:12:34,09:23:25,651,A. Karimov,2184710,yo'q
JAR-01339,2026-08-01,Tasdiqlash,09:25:39,09:29:15,216,N. Yusupova,778716,yo'q
JAR-01340,2026-08-01,Eksport,09:30:17,09:32:02,105,D. Ismoilova,288819,yo'q
JAR-01341,2026-08-01,Qabul qilish,09:30:28,09:34:02,214,B. To'xtayev,560862,yo'q
JAR-01342,2026-08-01,Tekshirish,09:35:07,09:39:59,292,B. To'xtayev,866480,yo'q
JAR-01343,2026-08-01,Qayta ishlash,09:41:38,09:52:41,663,N. Yusupova,1955785,yo'q
JAR-01344,2026-08-01,Tasdiqlash,09:54:29,09:58:53,264,D. Ismoilova,761086,yo'q
JAR-01345,2026-08-01,Eksport,10:00:46,10:02:30,104,A. Karimov,299411,yo'q
JAR-01346,2026-08-01,Qabul qilish,10:03:07,10:06:24,197,S. Rahmonov,487455,yo'q
JAR-01347,2026-08-01,Tekshirish,10:08:47,10:13:59,312,A. Karimov,1098420,yo'q
JAR-01348,2026-08-01,Qayta ishlash,10:15:21,10:26:26,665,D. Ismoilova,2127069,yo'q
JAR-01349,2026-08-01,Tasdiqlash,10:28:26,10:32:33,247,D. Ismoilova,760460,yo'q
JAR-01350,2026-08-01,Eksport,10:34:06,10:35:28,82,S. Rahmonov,236036,yo'q
JAR-01351,2026-08-03,Qabul qilish,08:00:15,08:03:49,214,D. Ismoilova,534430,yo'q
JAR-01352,2026-08-03,Tekshirish,08:06:09,08:12:13,364,D. Ismoilova,848492,yo'q
JAR-01353,2026-08-03,Qayta ishlash,08:13:20,08:25:40,740,A. Karimov,2056443,yo'q
JAR-01354,2026-08-03,Tasdiqlash,08:28:07,08:32:13,246,N. Yusupova,756572,yo'q
JAR-01355,2026-08-03,Eksport,08:34:30,08:35:52,82,B. To'xtayev,310898,yo'q
JAR-01356,2026-08-03,Qabul qilish,08:31:09,08:34:27,198,A. Karimov,458845,yo'q
JAR-01357,2026-08-03,Tekshirish,08:36:14,08:41:12,298,B. To'xtayev,998616,ha
JAR-01358,2026-08-03,Qayta ishlash,08:43:11,08:55:46,755,A. Karimov,1724770,yo'q
JAR-01359,2026-08-03,Tasdiqlash,08:58:04,09:01:22,198,N. Yusupova,655565,yo'q
JAR-01360,2026-08-03,Eksport,09:03:36,09:05:22,106,N. Yusupova,249169,yo'q
JAR-01361,2026-08-03,Qabul qilish,09:00:40,09:04:14,214,B. To'xtayev,570552,yo'q
JAR-01362,2026-08-03,Tekshirish,09:06:18,09:10:11,233,S. Rahmonov,776843,yo'q
JAR-01363,2026-08-03,Qayta ishlash,09:11:59,09:21:41,582,B. To'xtayev,1991536,yo'q
JAR-01364,2026-08-03,Tasdiqlash,09:23:23,09:26:53,210,N. Yusupova,758424,yo'q
JAR-01365,2026-08-03,Eksport,09:29:06,09:30:43,97,D. Ismoilova,280648,yo'q
JAR-01366,2026-08-03,Qabul qilish,09:30:38,09:33:31,173,D. Ismoilova,594511,yo'q
JAR-01367,2026-08-03,Tekshirish,09:35:53,09:40:29,276,S. Rahmonov,909646,yo'q
JAR-01368,2026-08-03,Qayta ishlash,09:41:33,09:52:34,661,B. To'xtayev,2004912,yo'q
JAR-01369,2026-08-03,Tasdiqlash,09:54:18,09:58:17,239,S. Rahmonov,793775,yo'q
JAR-01370,2026-08-03,Eksport,09:59:55,10:01:19,84,A. Karimov,336696,yo'q
JAR-01371,2026-08-03,Qabul qilish,10:03:30,10:07:09,219,D. Ismoilova,543227,yo'q
JAR-01372,2026-08-03,Tekshirish,10:08:31,10:14:43,372,S. Rahmonov,773855,yo'q
JAR-01373,2026-08-03,Qayta ishlash,10:16:50,10:29:41,771,A. Karimov,2030903,yo'q
JAR-01374,2026-08-03,Tasdiqlash,10:31:08,10:34:40,212,B. To'xtayev,883974,yo'q
JAR-01375,2026-08-03,Eksport,10:36:35,10:38:19,104,A. Karimov,269105,yo'q
JAR-01376,2026-08-04,Qabul qilish,08:00:20,08:03:56,216,D. Ismoilova,493299,yo'q
JAR-01377,2026-08-04,Tekshirish,08:05:16,08:10:13,297,D. Ismoilova,988590,yo'q
JAR-01378,2026-08-04,Qayta ishlash,08:12:10,08:22:08,598,N. Yusupova,2034940,yo'q
JAR-01379,2026-08-04,Tasdiqlash,08:23:55,08:28:07,252,S. Rahmonov,714046,yo'q
JAR-01380,2026-08-04,Eksport,08:30:27,08:32:15,108,B. To'xtayev,315714,yo'q
JAR-01381,2026-08-04,Qabul qilish,08:30:09,08:33:53,224,B. To'xtayev,472822,yo'q
JAR-01382,2026-08-04,Tekshirish,08:35:09,08:40:30,321,N. Yusupova,759406,yo'q
JAR-01383,2026-08-04,Qayta ishlash,08:42:00,08:51:35,575,D. Ismoilova,2012125,ha
JAR-01384,2026-08-04,Tasdiqlash,08:53:14,08:56:51,217,D. Ismoilova,735772,yo'q
JAR-01385,2026-08-04,Eksport,08:58:12,08:59:53,101,D. Ismoilova,289264,yo'q
JAR-01386,2026-08-04,Qabul qilish,09:00:00,09:04:07,247,B. To'xtayev,512656,yo'q
JAR-01387,2026-08-04,Tekshirish,09:06:25,09:12:26,361,B. To'xtayev,970672,yo'q
JAR-01388,2026-08-04,Qayta ishlash,09:13:45,09:26:13,748,D. Ismoilova,1890288,yo'q
JAR-01389,2026-08-04,Tasdiqlash,09:28:37,09:32:44,247,B. To'xtayev,845512,yo'q
JAR-01390,2026-08-04,Eksport,09:35:06,09:36:53,107,D. Ismoilova,297166,yo'q
JAR-01391,2026-08-04,Qabul qilish,09:33:12,09:36:20,188,B. To'xtayev,447156,yo'q
JAR-01392,2026-08-04,Tekshirish,09:38:34,09:44:05,331,D. Ismoilova,991544,yo'q
JAR-01393,2026-08-04,Qayta ishlash,09:45:46,09:56:05,619,S. Rahmonov,2132795,yo'q
JAR-01394,2026-08-04,Tasdiqlash,09:58:29,10:02:49,260,A. Karimov,616138,yo'q
JAR-01395,2026-08-04,Eksport,10:04:06,10:05:35,89,N. Yusupova,275782,yo'q
JAR-01396,2026-08-04,Qabul qilish,10:03:45,10:07:32,227,N. Yusupova,537965,yo'q
JAR-01397,2026-08-04,Tekshirish,10:08:44,10:13:53,309,D. Ismoilova,956355,yo'q
JAR-01398,2026-08-04,Qayta ishlash,10:16:12,10:25:23,551,B. To'xtayev,2265521,yo'q
JAR-01399,2026-08-04,Tasdiqlash,10:27:40,10:31:27,227,D. Ismoilova,700213,yo'q
JAR-01400,2026-08-04,Eksport,10:32:27,10:34:02,95,N. Yusupova,262612,yo'q
JAR-01401,2026-08-05,Qabul qilish,08:03:34,08:06:51,197,D. Ismoilova,442114,yo'q
JAR-01402,2026-08-05,Tekshirish,08:08:27,08:13:12,285,B. To'xtayev,970230,yo'q
JAR-01403,2026-08-05,Qayta ishlash,08:15:04,08:24:49,585,B. To'xtayev,1885383,yo'q
JAR-01404,2026-08-05,Tasdiqlash,08:27:11,08:30:56,225,B. To'xtayev,610132,yo'q
JAR-01405,2026-08-05,Eksport,08:32:34,08:34:05,91,A. Karimov,305520,yo'q
JAR-01406,2026-08-05,Qabul qilish,08:33:31,08:36:15,164,D. Ismoilova,603504,yo'q
JAR-01407,2026-08-05,Tekshirish,08:38:19,08:43:29,310,N. Yusupova,910303,yo'q
JAR-01408,2026-08-05,Qayta ishlash,08:45:22,08:57:26,724,D. Ismoilova,2061943,yo'q
JAR-01409,2026-08-05,Tasdiqlash,08:58:30,09:02:36,246,A. Karimov,726985,yo'q
JAR-01410,2026-08-05,Eksport,09:04:05,09:05:56,111,B. To'xtayev,305508,yo'q
JAR-01411,2026-08-05,Qabul qilish,09:01:15,09:04:33,198,S. Rahmonov,588859,yo'q
JAR-01412,2026-08-05,Tekshirish,09:06:47,09:12:06,319,N. Yusupova,966179,yo'q
JAR-01413,2026-08-05,Qayta ishlash,09:13:43,09:25:36,713,A. Karimov,1982239,yo'q
JAR-01414,2026-08-05,Tasdiqlash,09:27:43,09:32:06,263,B. To'xtayev,780978,yo'q
JAR-01415,2026-08-05,Eksport,09:34:31,09:36:12,101,D. Ismoilova,299155,yo'q
JAR-01416,2026-08-05,Qabul qilish,09:31:37,09:35:14,217,N. Yusupova,498356,yo'q
JAR-01417,2026-08-05,Tekshirish,09:36:49,09:41:42,293,A. Karimov,969659,yo'q
JAR-01418,2026-08-05,Qayta ishlash,09:43:05,09:54:36,691,N. Yusupova,1924486,yo'q
JAR-01419,2026-08-05,Tasdiqlash,09:56:56,10:00:53,237,S. Rahmonov,573208,yo'q
JAR-01420,2026-08-05,Eksport,10:02:36,10:04:35,119,D. Ismoilova,307237,yo'q
JAR-01421,2026-08-05,Qabul qilish,10:02:51,10:07:01,250,A. Karimov,483798,yo'q
JAR-01422,2026-08-05,Tekshirish,10:08:39,10:12:49,250,D. Ismoilova,872770,yo'q
JAR-01423,2026-08-05,Qayta ishlash,10:15:03,10:25:11,608,B. To'xtayev,2520210,yo'q
JAR-01424,2026-08-05,Tasdiqlash,10:26:45,10:30:23,218,N. Yusupova,760406,yo'q
JAR-01425,2026-08-05,Eksport,10:32:50,10:34:23,93,N. Yusupova,333775,yo'q
JAR-01426,2026-08-06,Qabul qilish,08:02:17,08:05:23,186,A. Karimov,522251,yo'q
JAR-01427,2026-08-06,Tekshirish,08:06:44,08:12:11,327,D. Ismoilova,,yo'q
JAR-01428,2026-08-06,Qayta ishlash,08:13:24,08:23:57,633,S. Rahmonov,2164811,yo'q
JAR-01429,2026-08-06,Tasdiqlash,08:25:12,08:28:54,222,A. Karimov,777697,yo'q
JAR-01430,2026-08-06,Eksport,08:30:22,08:32:01,99,B. To'xtayev,279862,yo'q
JAR-01431,2026-08-06,Qabul qilish,08:31:09,08:34:17,188,S. Rahmonov,521754,yo'q
JAR-01432,2026-08-06,Tekshirish,08:35:49,08:39:36,227,B. To'xtayev,831061,yo'q
JAR-01433,2026-08-06,Qayta ishlash,08:40:49,08:52:12,683,N. Yusupova,1878920,yo'q
JAR-01434,2026-08-06,Tasdiqlash,08:53:30,08:56:31,181,A. Karimov,748314,yo'q
JAR-01435,2026-08-06,Eksport,08:58:34,08:59:53,79,D. Ismoilova,323685,yo'q
JAR-01436,2026-08-06,Qabul qilish,09:02:13,09:05:44,211,B. To'xtayev,595957,yo'q
JAR-01437,2026-08-06,Tekshirish,09:06:58,09:11:25,267,N. Yusupova,936633,yo'q
JAR-01438,2026-08-06,Qayta ishlash,09:13:11,09:23:56,645,D. Ismoilova,2148025,yo'q
JAR-01439,2026-08-06,Tasdiqlash,09:26:23,09:30:10,227,S. Rahmonov,693451,yo'q
JAR-01440,2026-08-06,Eksport,09:31:41,09:33:37,116,D. Ismoilova,242865,yo'q
JAR-01441,2026-08-06,Qabul qilish,09:33:18,09:37:20,242,B. To'xtayev,540705,yo'q
JAR-01442,2026-08-06,Tekshirish,09:39:22,09:45:04,342,B. To'xtayev,1051094,yo'q
JAR-01443,2026-08-06,Qayta ishlash,09:46:52,09:57:01,609,D. Ismoilova,2073183,yo'q
JAR-01444,2026-08-06,Tasdiqlash,09:59:19,10:02:36,197,B. To'xtayev,735442,yo'q
JAR-01445,2026-08-06,Eksport,10:04:33,10:06:30,117,D. Ismoilova,310214,yo'q
JAR-01446,2026-08-06,Qabul qilish,10:03:00,10:05:43,163,D. Ismoilova,531962,yo'q
JAR-01447,2026-08-06,Tekshirish,10:07:17,10:12:40,323,B. To'xtayev,1021565,yo'q
JAR-01448,2026-08-06,Qayta ishlash,10:14:29,10:24:12,583,S. Rahmonov,2047929,yo'q
JAR-01449,2026-08-06,Tasdiqlash,10:26:10,10:30:15,245,A. Karimov,823527,yo'q
JAR-01450,2026-08-06,Eksport,10:31:28,10:33:00,92,D. Ismoilova,318490,yo'q
JAR-01451,2026-08-07,Qabul qilish,08:02:03,08:05:45,222,B. To'xtayev,528480,yo'q
JAR-01452,2026-08-07,Tekshirish,08:08:05,08:12:45,280,A. Karimov,872953,yo'q
JAR-01453,2026-08-07,Qayta ishlash,08:15:11,08:24:52,581,D. Ismoilova,1935642,yo'q
JAR-01454,2026-08-07,Tasdiqlash,08:26:13,08:30:26,253,A. Karimov,819910,yo'q
JAR-01455,2026-08-07,Eksport,08:31:38,08:33:27,109,S. Rahmonov,250372,yo'q
JAR-01456,2026-08-07,Qabul qilish,08:31:02,08:34:44,222,S. Rahmonov,501127,yo'q
JAR-01457,2026-08-07,Tekshirish,08:36:12,08:40:14,242,A. Karimov,1037501,yo'q
JAR-01458,2026-08-07,Qayta ishlash,08:42:28,08:53:49,681,S. Rahmonov,1943306,yo'q
JAR-01459,2026-08-07,Tasdiqlash,08:55:36,08:59:10,214,D. Ismoilova,788742,yo'q
JAR-01460,2026-08-07,Eksport,09:01:19,09:03:00,101,N. Yusupova,281758,yo'q
JAR-01461,2026-08-07,Qabul qilish,09:01:03,09:04:39,216,S. Rahmonov,488186,yo'q
JAR-01462,2026-08-07,Tekshirish,09:05:42,09:10:58,316,S. Rahmonov,1001766,yo'q
JAR-01463,2026-08-07,Qayta ishlash,09:12:46,09:22:19,573,N. Yusupova,1943246,yo'q
JAR-01464,2026-08-07,Tasdiqlash,09:23:27,09:27:11,224,B. To'xtayev,665144,yo'q
JAR-01465,2026-08-07,Eksport,09:28:26,09:30:09,103,S. Rahmonov,267094,yo'q
JAR-01466,2026-08-07,Qabul qilish,09:33:21,09:36:45,204,D. Ismoilova,596052,yo'q
JAR-01467,2026-08-07,Tekshirish,09:38:06,09:43:05,299,A. Karimov,,yo'q
JAR-01468,2026-08-07,Qayta ishlash,09:44:05,09:56:05,720,D. Ismoilova,2077112,yo'q
JAR-01469,2026-08-07,Tasdiqlash,09:57:11,10:00:21,190,A. Karimov,735579,yo'q
JAR-01470,2026-08-07,Eksport,10:01:39,10:03:12,93,D. Ismoilova,275799,yo'q
JAR-01471,2026-08-07,Qabul qilish,10:01:57,10:05:51,234,D. Ismoilova,583773,yo'q
JAR-01472,2026-08-07,Tekshirish,10:07:30,10:12:22,292,D. Ismoilova,1070499,yo'q
JAR-01473,2026-08-07,Qayta ishlash,10:13:27,10:26:38,791,D. Ismoilova,1904980,yo'q
JAR-01474,2026-08-07,Tasdiqlash,10:28:43,10:33:30,287,D. Ismoilova,704227,ha
JAR-01475,2026-08-07,Eksport,10:34:43,10:36:32,109,B. To'xtayev,307864,yo'q
JAR-01476,2026-08-08,Qabul qilish,08:00:28,08:03:55,207,S. Rahmonov,561630,yo'q
JAR-01477,2026-08-08,Tekshirish,08:06:22,08:11:57,335,A. Karimov,969128,yo'q
JAR-01478,2026-08-08,Qayta ishlash,08:13:11,08:23:20,609,D. Ismoilova,1800959,yo'q
JAR-01479,2026-08-08,Tasdiqlash,08:24:25,08:27:55,210,N. Yusupova,784757,yo'q
JAR-01480,2026-08-08,Eksport,08:29:06,08:30:31,85,D. Ismoilova,328129,yo'q
JAR-01481,2026-08-08,Qabul qilish,08:33:12,08:37:00,228,N. Yusupova,424947,yo'q
JAR-01482,2026-08-08,Tekshirish,08:39:10,08:43:51,281,A. Karimov,920704,yo'q
JAR-01483,2026-08-08,Qayta ishlash,08:45:59,08:56:27,628,D. Ismoilova,2086203,yo'q
JAR-01484,2026-08-08,Tasdiqlash,08:58:55,09:02:04,189,A. Karimov,858043,yo'q
JAR-01485,2026-08-08,Eksport,09:03:57,09:05:47,110,N. Yusupova,348747,yo'q
JAR-01486,2026-08-08,Qabul qilish,09:02:33,09:05:40,187,S. Rahmonov,521975,yo'q
JAR-01487,2026-08-08,Tekshirish,09:07:53,09:12:54,301,D. Ismoilova,1019996,yo'q
JAR-01488,2026-08-08,Qayta ishlash,09:14:53,09:26:01,668,D. Ismoilova,2085647,yo'q
JAR-01489,2026-08-08,Tasdiqlash,09:27:35,09:31:31,236,B. To'xtayev,673317,yo'q
JAR-01490,2026-08-08,Eksport,09:33:01,09:34:33,92,N. Yusupova,299928,yo'q
JAR-01491,2026-08-08,Qabul qilish,09:31:47,09:35:04,197,B. To'xtayev,616557,yo'q
JAR-01492,2026-08-08,Tekshirish,09:36:31,09:40:23,232,S. Rahmonov,888904,yo'q
JAR-01493,2026-08-08,Qayta ishlash,09:42:38,09:54:40,722,N. Yusupova,2190983,yo'q
JAR-01494,2026-08-08,Tasdiqlash,09:56:32,10:00:08,N/A,B. To'xtayev,635047,yo'q
JAR-01495,2026-08-08,Eksport,10:01:33,10:03:31,118,S. Rahmonov,292676,yo'q
JAR-01496,2026-08-08,Qabul qilish,10:00:06,10:03:29,203,D. Ismoilova,472709,yo'q
JAR-01497,2026-08-08,Tekshirish,10:05:33,10:10:28,295,S. Rahmonov,1108994,yo'q
JAR-01498,2026-08-08,Qayta ishlash,10:11:48,10:22:47,659,D. Ismoilova,2375589,yo'q
JAR-01499,2026-08-08,Tasdiqlash,10:24:15,10:28:43,268,D. Ismoilova,696864,yo'q
JAR-01500,2026-08-08,Eksport,10:30:21,10:31:49,88,B. To'xtayev,305528,yo'q
JAR-01501,2026-08-10,Qabul qilish,08:03:36,08:06:43,187,B. To'xtayev,471476,yo'q
JAR-01502,2026-08-10,Tekshirish,08:08:57,08:13:07,250,S. Rahmonov,914178,yo'q
JAR-01503,2026-08-10,Qayta ishlash,08:14:56,08:26:16,680,D. Ismoilova,1897282,yo'q
JAR-01504,2026-08-10,Tasdiqlash,08:28:33,08:32:11,218,D. Ismoilova,738683,yo'q
JAR-01505,2026-08-10,Eksport,08:34:31,08:36:15,104,D. Ismoilova,314993,yo'q
JAR-01506,2026-08-10,Qabul qilish,08:33:39,08:37:36,237,S. Rahmonov,496219,yo'q
JAR-01507,2026-08-10,Tekshirish,08:39:38,08:44:44,306,S. Rahmonov,824342,yo'q
JAR-01508,2026-08-10,Qayta ishlash,08:45:52,08:56:51,659,B. To'xtayev,2400259,yo'q
JAR-01509,2026-08-10,Tasdiqlash,08:57:53,09:01:58,245,A. Karimov,642524,yo'q
JAR-01510,2026-08-10,Eksport,09:04:06,09:05:57,111,N. Yusupova,300016,yo'q
JAR-01511,2026-08-10,Qabul qilish,09:02:58,09:06:05,187,D. Ismoilova,495390,yo'q
JAR-01512,2026-08-10,Tekshirish,09:07:27,09:12:57,330,B. To'xtayev,874428,yo'q
JAR-01513,2026-08-10,Qayta ishlash,09:14:48,09:25:51,663,A. Karimov,1946181,yo'q
JAR-01514,2026-08-10,Tasdiqlash,09:27:12,09:31:00,228,S. Rahmonov,748797,yo'q
JAR-01515,2026-08-10,Eksport,09:33:17,09:35:03,106,B. To'xtayev,292074,yo'q
JAR-01516,2026-08-10,Qabul qilish,09:32:18,09:35:31,193,D. Ismoilova,525016,yo'q
JAR-01517,2026-08-10,Tekshirish,09:37:35,09:41:12,217,B. To'xtayev,921844,yo'q
JAR-01518,2026-08-10,Qayta ishlash,09:42:25,09:53:09,644,B. To'xtayev,2580182,yo'q
JAR-01519,2026-08-10,Tasdiqlash,09:54:16,09:57:18,182,A. Karimov,769437,yo'q
JAR-01520,2026-08-10,Eksport,09:59:06,10:00:56,110,S. Rahmonov,305675,yo'q
JAR-01521,2026-08-10,Qabul qilish,10:03:29,10:07:36,247,A. Karimov,479437,yo'q
JAR-01522,2026-08-10,Tekshirish,10:10:04,10:14:33,269,A. Karimov,933290,yo'q
JAR-01523,2026-08-10,Qayta ishlash,10:15:58,10:26:05,607,S. Rahmonov,1916007,yo'q
JAR-01524,2026-08-10,Tasdiqlash,10:27:47,10:32:10,263,S. Rahmonov,757296,yo'q
JAR-01525,2026-08-10,Eksport,10:33:51,10:35:15,84,S. Rahmonov,311883,yo'q
JAR-01526,2026-08-11,Qabul qilish,08:01:13,08:04:21,188,B. To'xtayev,512774,yo'q
JAR-01527,2026-08-11,Tekshirish,08:05:46,08:10:55,309,A. Karimov,856892,yo'q
JAR-01528,2026-08-11,Qayta ishlash,08:12:43,08:21:07,504,N. Yusupova,2341203,yo'q
JAR-01529,2026-08-11,Tasdiqlash,08:22:44,08:26:52,248,D. Ismoilova,747121,yo'q
JAR-01530,2026-08-11,Eksport,08:28:29,08:29:55,86,S. Rahmonov,267845,yo'q
JAR-01531,2026-08-11,Qabul qilish,08:32:06,08:36:14,248,D. Ismoilova,444275,yo'q
JAR-01532,2026-08-11,Tekshirish,08:38:11,08:42:19,248,B. To'xtayev,911207,yo'q
JAR-01533,2026-08-11,Qayta ishlash,08:43:34,08:55:19,705,D. Ismoilova,1833080,yo'q
JAR-01534,2026-08-11,Tasdiqlash,08:56:19,09:00:43,264,N. Yusupova,701692,yo'q
JAR-01535,2026-08-11,Eksport,09:02:08,09:04:15,127,S. Rahmonov,284728,yo'q
JAR-01536,2026-08-11,Qabul qilish,09:01:48,09:05:08,200,N. Yusupova,537234,yo'q
JAR-01537,2026-08-11,Tekshirish,09:06:48,09:11:26,278,B. To'xtayev,943823,yo'q
JAR-01538,2026-08-11,Qayta ishlash,09:13:44,09:23:59,615,N. Yusupova,1897140,yo'q
JAR-01539,2026-08-11,Tasdiqlash,09:26:22,09:30:13,231,D. Ismoilova,832561,ha
JAR-01540,2026-08-11,Eksport,09:32:19,09:34:18,119,A. Karimov,241131,yo'q
JAR-01541,2026-08-11,Qabul qilish,09:32:12,09:35:19,187,D. Ismoilova,491360,yo'q
JAR-01542,2026-08-11,Tekshirish,09:36:53,09:42:07,314,N. Yusupova,963177,yo'q
JAR-01543,2026-08-11,Qayta ishlash,09:44:04,09:54:37,633,B. To'xtayev,1826663,yo'q
JAR-01544,2026-08-11,Tasdiqlash,09:55:51,09:58:35,164,A. Karimov,726090,ha
JAR-01545,2026-08-11,Eksport,10:01:01,10:02:46,105,A. Karimov,286593,yo'q
JAR-01546,2026-08-11,Qabul qilish,10:00:13,10:03:40,207,D. Ismoilova,560905,yo'q
JAR-01547,2026-08-11,Tekshirish,10:04:52,10:10:17,325,D. Ismoilova,1037338,yo'q
JAR-01548,2026-08-11,Qayta ishlash,10:12:44,10:23:17,633,N. Yusupova,2274771,yo'q
JAR-01549,2026-08-11,Tasdiqlash,10:25:27,10:29:08,221,D. Ismoilova,747279,yo'q
JAR-01550,2026-08-11,Eksport,10:30:51,10:32:11,80,B. To'xtayev,267488,yo'q
JAR-01551,2026-08-12,Qabul qilish,08:02:16,08:05:57,221,D. Ismoilova,504221,ha
JAR-01552,2026-08-12,Tekshirish,08:08:08,08:12:05,237,N. Yusupova,1015574,yo'q
JAR-01553,2026-08-12,Qayta ishlash,08:14:28,08:25:19,651,S. Rahmonov,19430907.17,yo'q
JAR-01554,2026-08-12,Tasdiqlash,08:27:25,08:30:44,199,A. Karimov,725238,yo'q
JAR-01555,2026-08-12,Eksport,08:32:42,08:34:29,107,S. Rahmonov,274552,yo'q
JAR-01556,2026-08-12,Qabul qilish,08:31:39,08:35:32,233,B. To'xtayev,572821,yo'q
JAR-01557,2026-08-12,Tekshirish,08:37:04,08:43:06,362,S. Rahmonov,1018976,yo'q
JAR-01558,2026-08-12,Qayta ishlash,08:44:58,08:55:49,651,D. Ismoilova,1977938,yo'q
JAR-01559,2026-08-12,Tasdiqlash,08:58:13,09:02:11,238,A. Karimov,762100,yo'q
JAR-01560,2026-08-12,Eksport,09:04:21,09:06:05,104,B. To'xtayev,290830,yo'q
JAR-01561,2026-08-12,Qabul qilish,09:02:26,09:05:50,204,A. Karimov,474712,yo'q
JAR-01562,2026-08-12,Tekshirish,09:07:07,09:12:57,350,D. Ismoilova,903253,yo'q
JAR-01563,2026-08-12,Qayta ishlash,09:15:20,09:26:32,672,B. To'xtayev,2226076,yo'q
JAR-01564,2026-08-12,Tasdiqlash,09:27:48,09:31:18,210,B. To'xtayev,761576,yo'q
JAR-01565,2026-08-12,Eksport,09:32:51,09:34:32,101,B. To'xtayev,280445,yo'q
JAR-01566,2026-08-12,Qabul qilish,09:30:29,09:34:19,230,D. Ismoilova,538035,yo'q
JAR-01567,2026-08-12,Tekshirish,09:35:21,09:40:25,304,B. To'xtayev,995130,yo'q
JAR-01568,2026-08-12,Qayta ishlash,09:41:31,09:51:03,572,D. Ismoilova,2263568,yo'q
JAR-01569,2026-08-12,Tasdiqlash,09:52:52,09:55:42,170,S. Rahmonov,763410,yo'q
JAR-01570,2026-08-12,Eksport,09:57:47,09:59:23,96,A. Karimov,280417,yo'q
JAR-01571,2026-08-12,Qabul qilish,10:01:28,10:05:03,215,B. To'xtayev,6082245.22,yo'q
JAR-01572,2026-08-12,Tekshirish,10:06:24,10:11:04,280,N. Yusupova,869318,yo'q
JAR-01573,2026-08-12,Qayta ishlash,10:13:18,10:24:28,670,D. Ismoilova,1858047,yo'q
JAR-01574,2026-08-12,Tasdiqlash,10:25:59,10:30:12,253,N. Yusupova,733695,yo'q
JAR-01575,2026-08-12,Eksport,10:31:28,10:33:16,108,N. Yusupova,334931,yo'q
JAR-01576,2026-08-13,Qabul qilish,08:03:44,08:07:04,200,S. Rahmonov,562107,yo'q
JAR-01577,2026-08-13,Tekshirish,08:09:10,08:14:42,332,B. To'xtayev,1015601,yo'q
JAR-01578,2026-08-13,Qayta ishlash,08:17:07,08:28:56,709,A. Karimov,1760767,yo'q
JAR-01579,2026-08-13,Tasdiqlash,08:30:05,08:34:56,291,D. Ismoilova,828828,yo'q
JAR-01580,2026-08-13,Eksport,08:36:51,08:38:29,98,B. To'xtayev,286763,yo'q
JAR-01581,2026-08-13,Qabul qilish,08:30:44,08:34:44,240,D. Ismoilova,501099,yo'q
JAR-01582,2026-08-13,Tekshirish,08:35:48,08:40:47,299,D. Ismoilova,891017,yo'q
JAR-01583,2026-08-13,Qayta ishlash,08:41:52,08:51:53,601,D. Ismoilova,1985519,yo'q
JAR-01584,2026-08-13,Tasdiqlash,08:53:19,08:57:07,228,S. Rahmonov,873048,yo'q
JAR-01585,2026-08-13,Eksport,08:58:36,09:00:22,106,B. To'xtayev,285682,yo'q
JAR-01586,2026-08-13,Qabul qilish,09:02:22,09:06:06,224,A. Karimov,565203,yo'q
JAR-01587,2026-08-13,Tekshirish,09:07:26,09:12:53,327,B. To'xtayev,996155,yo'q
JAR-01588,2026-08-13,Qayta ishlash,09:15:09,09:26:32,683,S. Rahmonov,2106684,yo'q
JAR-01589,2026-08-13,Tasdiqlash,09:27:37,09:31:31,234,S. Rahmonov,768773,yo'q
JAR-01590,2026-08-13,Eksport,09:32:45,09:34:09,84,B. To'xtayev,N/A,yo'q
JAR-01591,2026-08-13,Qabul qilish,09:30:37,09:33:34,177,B. To'xtayev,671232,yo'q
JAR-01592,2026-08-13,Tekshirish,09:34:42,09:39:28,286,B. To'xtayev,999295,yo'q
JAR-01593,2026-08-13,Qayta ishlash,09:41:05,09:53:41,756,A. Karimov,2143316,yo'q
JAR-01594,2026-08-13,Tasdiqlash,09:54:43,09:59:19,276,D. Ismoilova,704357,yo'q
JAR-01595,2026-08-13,Eksport,10:00:59,10:02:50,111,S. Rahmonov,287816,yo'q
JAR-01596,2026-08-13,Qabul qilish,10:00:39,10:04:32,233,S. Rahmonov,416283,yo'q
JAR-01597,2026-08-13,Tekshirish,10:06:52,10:12:01,309,B. To'xtayev,872662,yo'q
JAR-01598,2026-08-13,Qayta ishlash,10:13:20,10:23:50,630,A. Karimov,1866329,yo'q
JAR-01599,2026-08-13,Tasdiqlash,10:25:50,10:30:20,,S. Rahmonov,707281,yo'q
JAR-01600,2026-08-13,Eksport,10:32:46,10:34:33,107,B. To'xtayev,292258,yo'q
JAR-01601,2026-08-14,Qabul qilish,08:03:56,08:08:17,261,N. Yusupova,482085,yo'q
JAR-01602,2026-08-14,Tekshirish,08:09:53,08:14:53,300,N. Yusupova,986324,yo'q
JAR-01603,2026-08-14,Qayta ishlash,08:16:44,08:25:52,548,D. Ismoilova,2201792,yo'q
JAR-01604,2026-08-14,Tasdiqlash,08:28:07,08:32:13,246,S. Rahmonov,849570,yo'q
JAR-01605,2026-08-14,Eksport,08:33:41,08:35:27,106,A. Karimov,250728,yo'q
JAR-01606,2026-08-14,Qabul qilish,08:30:28,08:33:36,188,B. To'xtayev,542224,yo'q
JAR-01607,2026-08-14,Tekshirish,08:35:24,08:39:56,272,D. Ismoilova,1068844,yo'q
JAR-01608,2026-08-14,Qayta ishlash,08:41:05,08:50:14,549,A. Karimov,2276418,yo'q
JAR-01609,2026-08-14,Tasdiqlash,08:52:10,08:56:15,245,N. Yusupova,773373,yo'q
JAR-01610,2026-08-14,Eksport,08:57:50,08:59:17,87,N. Yusupova,265743,yo'q
JAR-01611,2026-08-14,Qabul qilish,09:00:00,09:03:47,227,A. Karimov,476233,yo'q
JAR-01612,2026-08-14,Tekshirish,09:05:12,09:09:47,275,D. Ismoilova,1099500,yo'q
JAR-01613,2026-08-14,Qayta ishlash,09:12:13,09:26:33,860,B. To'xtayev,2141687,yo'q
JAR-01614,2026-08-14,Tasdiqlash,09:27:54,09:31:11,197,D. Ismoilova,845436,yo'q
JAR-01615,2026-08-14,Eksport,09:33:19,09:35:08,109,D. Ismoilova,257272,yo'q
JAR-01616,2026-08-14,Qabul qilish,09:30:51,09:33:53,182,D. Ismoilova,608792,yo'q
JAR-01617,2026-08-14,Tekshirish,09:35:07,09:40:22,315,D. Ismoilova,1073568,yo'q
JAR-01618,2026-08-14,Qayta ishlash,09:41:38,09:54:17,759,D. Ismoilova,2020212,yo'q
JAR-01619,2026-08-14,Tasdiqlash,09:56:17,10:00:40,263,A. Karimov,741994,yo'q
JAR-01620,2026-08-14,Eksport,10:02:45,10:04:40,115,D. Ismoilova,259653,yo'q
JAR-01621,2026-08-14,Qabul qilish,10:01:45,10:05:27,222,D. Ismoilova,508982,yo'q
JAR-01622,2026-08-14,Tekshirish,10:07:47,10:13:01,314,B. To'xtayev,842135,yo'q
JAR-01623,2026-08-14,Qayta ishlash,10:14:37,10:26:56,739,S. Rahmonov,1936632,yo'q
JAR-01624,2026-08-14,Tasdiqlash,10:28:32,10:32:15,223,B. To'xtayev,628330,yo'q
JAR-01625,2026-08-14,Eksport,10:34:42,10:36:45,123,D. Ismoilova,277407,yo'q
JAR-01626,2026-08-15,Qabul qilish,08:02:42,08:06:17,215,N. Yusupova,519123,yo'q
JAR-01627,2026-08-15,Tekshirish,08:07:49,08:12:47,298,N. Yusupova,947297,yo'q
JAR-01628,2026-08-15,Qayta ishlash,08:15:04,08:25:46,642,D. Ismoilova,2041843,yo'q
JAR-01629,2026-08-15,Tasdiqlash,08:27:23,08:31:24,241,B. To'xtayev,723284,yo'q
JAR-01630,2026-08-15,Eksport,08:33:39,08:35:39,120,B. To'xtayev,3045530.72,yo'q
JAR-01631,2026-08-15,Qabul qilish,08:31:53,08:35:03,190,A. Karimov,527906,yo'q
JAR-01632,2026-08-15,Tekshirish,08:36:18,08:39:58,220,B. To'xtayev,827635,yo'q
JAR-01633,2026-08-15,Qayta ishlash,08:42:26,08:51:45,559,D. Ismoilova,1971763,yo'q
JAR-01634,2026-08-15,Tasdiqlash,08:53:31,08:58:34,303,D. Ismoilova,778105,yo'q
JAR-01635,2026-08-15,Eksport,09:00:03,09:01:41,98,A. Karimov,241294,yo'q
JAR-01636,2026-08-15,Qabul qilish,09:01:06,09:04:24,198,A. Karimov,524461,yo'q
JAR-01637,2026-08-15,Tekshirish,09:06:15,09:10:38,263,D. Ismoilova,971843,yo'q
JAR-01638,2026-08-15,Qayta ishlash,09:12:28,09:25:25,777,N. Yusupova,1945466,yo'q
JAR-01639,2026-08-15,Tasdiqlash,09:26:36,09:31:37,301,N. Yusupova,796612,yo'q
JAR-01640,2026-08-15,Eksport,09:32:40,09:34:25,105,S. Rahmonov,216652,yo'q
JAR-01641,2026-08-15,Qabul qilish,09:33:35,09:37:11,216,N. Yusupova,545479,yo'q
JAR-01642,2026-08-15,Tekshirish,09:38:17,09:43:23,306,D. Ismoilova,942037,yo'q
JAR-01643,2026-08-15,Qayta ishlash,09:45:27,09:58:11,764,D. Ismoilova,1887330,yo'q
JAR-01644,2026-08-15,Tasdiqlash,09:59:26,10:03:36,250,D. Ismoilova,689838,yo'q
JAR-01645,2026-08-15,Eksport,10:04:55,10:06:41,106,D. Ismoilova,266489,yo'q
JAR-01646,2026-08-15,Qabul qilish,10:01:20,10:05:27,247,B. To'xtayev,526927,yo'q
JAR-01647,2026-08-15,Tekshirish,10:07:56,10:12:15,259,N. Yusupova,945298,yo'q
JAR-01648,2026-08-15,Qayta ishlash,10:14:24,10:26:15,711,A. Karimov,2022280,yo'q
JAR-01649,2026-08-15,Tasdiqlash,10:28:38,10:31:52,194,D. Ismoilova,703425,yo'q
JAR-01650,2026-08-15,Eksport,10:33:37,10:35:11,94,A. Karimov,322697,yo'q
JAR-01651,2026-08-17,Qabul qilish,08:01:54,08:04:35,161,A. Karimov,580458,yo'q
JAR-01652,2026-08-17,Tekshirish,08:06:11,08:11:54,343,N. Yusupova,995714,yo'q
JAR-01653,2026-08-17,Qayta ishlash,08:12:59,08:23:04,605,D. Ismoilova,1944986,yo'q
JAR-01654,2026-08-17,Tasdiqlash,08:25:15,08:28:49,214,A. Karimov,730681,yo'q
JAR-01655,2026-08-17,Eksport,08:30:33,08:32:20,107,S. Rahmonov,273179,yo'q
JAR-01656,2026-08-17,Qabul qilish,08:32:06,08:35:53,227,A. Karimov,444655,yo'q
JAR-01657,2026-08-17,Tekshirish,08:37:25,08:41:09,224,N. Yusupova,931113,yo'q
JAR-01658,2026-08-17,Qayta ishlash,08:43:12,08:52:01,529,A. Karimov,1936663,yo'q
JAR-01659,2026-08-17,Tasdiqlash,08:54:12,08:57:44,212,N. Yusupova,615168,yo'q
JAR-01660,2026-08-17,Eksport,08:59:30,09:01:18,108,A. Karimov,298406,yo'q
JAR-01661,2026-08-17,Qabul qilish,09:00:07,09:03:31,204,S. Rahmonov,520331,yo'q
JAR-01662,2026-08-17,Tekshirish,09:04:40,09:09:42,302,N. Yusupova,1053508,yo'q
JAR-01663,2026-08-17,Qayta ishlash,09:11:46,09:23:17,691,B. To'xtayev,1864222,yo'q
JAR-01664,2026-08-17,Tasdiqlash,09:24:52,09:29:05,253,B. To'xtayev,883335,yo'q
JAR-01665,2026-08-17,Eksport,09:30:05,09:31:15,70,D. Ismoilova,302241,yo'q
JAR-01666,2026-08-17,Qabul qilish,09:32:34,09:35:37,183,D. Ismoilova,525176,yo'q
JAR-01667,2026-08-17,Tekshirish,09:37:50,09:43:08,318,N. Yusupova,919484,yo'q
JAR-01668,2026-08-17,Qayta ishlash,09:44:34,09:56:40,726,A. Karimov,1961048,yo'q
JAR-01669,2026-08-17,Tasdiqlash,09:57:44,10:01:43,239,N. Yusupova,775238,yo'q
JAR-01670,2026-08-17,Eksport,10:03:30,10:05:07,97,N. Yusupova,269556,yo'q
JAR-01671,2026-08-17,Qabul qilish,10:03:42,10:06:41,179,N. Yusupova,479584,yo'q
JAR-01672,2026-08-17,Tekshirish,10:08:41,10:12:59,258,A. Karimov,848178,yo'q
JAR-01673,2026-08-17,Qayta ishlash,10:14:20,10:26:11,711,D. Ismoilova,2316942,yo'q
JAR-01674,2026-08-17,Tasdiqlash,10:27:28,10:31:10,222,N. Yusupova,693349,yo'q
JAR-01675,2026-08-17,Eksport,10:32:50,10:34:31,101,N. Yusupova,258621,yo'q
JAR-01676,2026-08-18,Qabul qilish,08:00:03,08:03:18,195,N. Yusupova,511585,yo'q
JAR-01677,2026-08-18,Tekshirish,08:04:46,08:09:41,295,S. Rahmonov,837829,yo'q
JAR-01678,2026-08-18,Qayta ishlash,08:11:06,08:21:20,614,D. Ismoilova,1933523,yo'q
JAR-01679,2026-08-18,Tasdiqlash,08:22:22,08:25:54,212,B. To'xtayev,673458,yo'q
JAR-01680,2026-08-18,Eksport,08:28:13,08:30:08,115,A. Karimov,249487,yo'q
JAR-01681,2026-08-18,Qabul qilish,08:31:32,08:34:55,203,S. Rahmonov,550860,yo'q
JAR-01682,2026-08-18,Tekshirish,08:36:45,08:41:21,276,A. Karimov,857113,yo'q
JAR-01683,2026-08-18,Qayta ishlash,08:43:34,08:54:41,667,N. Yusupova,1787835,yo'q
JAR-01684,2026-08-18,Tasdiqlash,08:56:07,08:59:30,203,D. Ismoilova,761456,yo'q
JAR-01685,2026-08-18,Eksport,09:01:49,09:03:29,100,D. Ismoilova,313462,yo'q
JAR-01686,2026-08-18,Qabul qilish,09:01:20,09:04:54,214,N. Yusupova,471512,yo'q
JAR-01687,2026-08-18,Tekshirish,09:07:02,09:11:01,239,S. Rahmonov,877621,yo'q
JAR-01688,2026-08-18,Qayta ishlash,09:13:11,09:24:50,699,B. To'xtayev,2137204,yo'q
JAR-01689,2026-08-18,Tasdiqlash,09:25:52,09:29:28,216,B. To'xtayev,775973,yo'q
JAR-01690,2026-08-18,Eksport,09:30:42,09:32:24,102,A. Karimov,305166,yo'q
JAR-01691,2026-08-18,Qabul qilish,09:31:54,09:35:25,211,N. Yusupova,506824,yo'q
JAR-01692,2026-08-18,Tekshirish,09:36:37,09:40:58,261,S. Rahmonov,986395,yo'q
JAR-01693,2026-08-18,Qayta ishlash,09:43:25,09:53:48,623,B. To'xtayev,2222400,yo'q
JAR-01694,2026-08-18,Tasdiqlash,09:55:25,09:58:38,193,S. Rahmonov,821393,yo'q
JAR-01695,2026-08-18,Eksport,09:59:55,10:01:41,106,D. Ismoilova,259250,ha
JAR-01696,2026-08-18,Qabul qilish,10:02:17,10:05:43,206,N. Yusupova,496266,yo'q
JAR-01697,2026-08-18,Tekshirish,10:08:12,10:13:33,321,A. Karimov,1062603,yo'q
JAR-01698,2026-08-18,Qayta ishlash,10:15:21,10:26:05,644,N. Yusupova,2037084,yo'q
JAR-01699,2026-08-18,Tasdiqlash,10:27:14,10:30:28,194,A. Karimov,641219,yo'q
JAR-01700,2026-08-18,Eksport,10:32:12,10:33:38,86,D. Ismoilova,313052,yo'q
JAR-01701,2026-08-19,Qabul qilish,08:02:30,08:06:12,222,D. Ismoilova,594514,yo'q
JAR-01702,2026-08-19,Tekshirish,08:08:36,08:13:46,310,A. Karimov,855143,yo'q
JAR-01703,2026-08-19,Qayta ishlash,08:15:14,08:26:25,671,S. Rahmonov,1747433,yo'q
JAR-01704,2026-08-19,Tasdiqlash,08:28:51,08:32:31,220,N. Yusupova,725563,yo'q
JAR-01705,2026-08-19,Eksport,08:34:58,08:36:42,104,A. Karimov,N/A,yo'q
JAR-01706,2026-08-19,Qabul qilish,08:31:42,08:34:42,180,A. Karimov,602950,yo'q
JAR-01707,2026-08-19,Tekshirish,08:36:59,08:41:26,267,D. Ismoilova,952499,yo'q
JAR-01708,2026-08-19,Qayta ishlash,08:42:28,08:54:26,718,N. Yusupova,2201631,yo'q
JAR-01709,2026-08-19,Tasdiqlash,08:55:43,09:00:00,257,B. To'xtayev,642005,yo'q
JAR-01710,2026-08-19,Eksport,09:01:22,09:03:06,104,B. To'xtayev,272714,yo'q
JAR-01711,2026-08-19,Qabul qilish,09:02:15,09:06:05,230,S. Rahmonov,543558,yo'q
JAR-01712,2026-08-19,Tekshirish,09:07:44,09:12:29,285,S. Rahmonov,825625,yo'q
JAR-01713,2026-08-19,Qayta ishlash,09:14:01,09:22:42,521,N. Yusupova,2565049,yo'q
JAR-01714,2026-08-19,Tasdiqlash,09:25:00,09:28:52,232,A. Karimov,751606,yo'q
JAR-01715,2026-08-19,Eksport,09:29:54,09:31:46,112,N. Yusupova,238784,ha
JAR-01716,2026-08-19,Qabul qilish,09:33:43,09:36:51,188,B. To'xtayev,490319,yo'q
JAR-01717,2026-08-19,Tekshirish,09:38:31,09:44:02,331,D. Ismoilova,857865,yo'q
JAR-01718,2026-08-19,Qayta ishlash,09:45:58,09:53:07,429,A. Karimov,2351839,yo'q
JAR-01719,2026-08-19,Tasdiqlash,09:55:10,09:59:19,249,A. Karimov,734412,yo'q
JAR-01720,2026-08-19,Eksport,10:00:35,10:02:32,117,N. Yusupova,301 395,yo'q
JAR-01721,2026-08-19,Qabul qilish,10:00:03,10:02:36,153,B. To'xtayev,465740,yo'q
JAR-01722,2026-08-19,Tekshirish,10:04:21,10:09:04,283,S. Rahmonov,997260,yo'q
JAR-01723,2026-08-19,Qayta ishlash,10:11:22,10:24:33,791,D. Ismoilova,2354543,yo'q
JAR-01724,2026-08-19,Tasdiqlash,10:27:01,10:29:57,176,D. Ismoilova,613541,yo'q
JAR-01725,2026-08-19,Eksport,10:31:12,10:32:54,102,N. Yusupova,327262,yo'q
